Year,AnnÈe,ISO,Jurisdiction,Juridiction,Protection zone,Zone de protection,Dollars (En),Data qualifier,Dollars (Fr),Qualificatifs de donnÈes
2001,2001,NS,Nova Scotia,Nouvelle-…cosse,Intensive,Intensive,250550,a,250550,a
2002,2002,NS,Nova Scotia,Nouvelle-…cosse,Intensive,Intensive,287000,a,287000,a
2003,2003,NS,Nova Scotia,Nouvelle-…cosse,Intensive,Intensive,203000,a,203000,a
2004,2004,NS,Nova Scotia,Nouvelle-…cosse,Intensive,Intensive,120000,a,120000,a
2005,2005,NS,Nova Scotia,Nouvelle-…cosse,Intensive,Intensive,70000,e,70000,e
2006,2006,NS,Nova Scotia,Nouvelle-…cosse,Intensive,Intensive,150000,a,150000,a
2007,2007,NS,Nova Scotia,Nouvelle-…cosse,Intensive,Intensive,276000,a,276000,a
2008,2008,NS,Nova Scotia,Nouvelle-…cosse,Intensive,Intensive,855000,a,855000,a
2009,2009,NS,Nova Scotia,Nouvelle-…cosse,Intensive,Intensive,,u,,u
2010,2010,NS,Nova Scotia,Nouvelle-…cosse,Intensive,Intensive,,u,,u
2011,2011,NS,Nova Scotia,Nouvelle-…cosse,Intensive,Intensive,,u,,u
2012,2012,NS,Nova Scotia,Nouvelle-…cosse,Intensive,Intensive,,u,,u
2013,2013,NS,Nova Scotia,Nouvelle-…cosse,Intensive,Intensive,,u,,u
2014,2014,NS,Nova Scotia,Nouvelle-…cosse,Intensive,Intensive,,u,,u
2015,2015,NS,Nova Scotia,Nouvelle-…cosse,Intensive,Intensive,,u,,u
2016,2016,NS,Nova Scotia,Nouvelle-…cosse,Intensive,Intensive,,u,,u
2017,2017,NS,Nova Scotia,Nouvelle-…cosse,Intensive,Intensive,,u,,u
2018,2018,NS,Nova Scotia,Nouvelle-…cosse,Intensive,Intensive,,u,,u
2019,2019,NS,Nova Scotia,Nouvelle-…cosse,Intensive,Intensive,,u,,u
1990,1990,NB,New Brunswick,Nouveau-Brunswick,Intensive,Intensive,716000,a,716000,a
1991,1991,NB,New Brunswick,Nouveau-Brunswick,Intensive,Intensive,934000,a,934000,a
1992,1992,NB,New Brunswick,Nouveau-Brunswick,Intensive,Intensive,706000,a,706000,a
1993,1993,NB,New Brunswick,Nouveau-Brunswick,Intensive,Intensive,2339000,a,2339000,a
1994,1994,NB,New Brunswick,Nouveau-Brunswick,Intensive,Intensive,518000,a,518000,a
1995,1995,NB,New Brunswick,Nouveau-Brunswick,Intensive,Intensive,2090000,a,2090000,a
1996,1996,NB,New Brunswick,Nouveau-Brunswick,Intensive,Intensive,332000,a,332000,a
1997,1997,NB,New Brunswick,Nouveau-Brunswick,Intensive,Intensive,184900,a,184900,a
1998,1998,NB,New Brunswick,Nouveau-Brunswick,Intensive,Intensive,630050,a,630050,a
1999,1999,NB,New Brunswick,Nouveau-Brunswick,Intensive,Intensive,1852600,a,1852600,a
2000,2000,NB,New Brunswick,Nouveau-Brunswick,Intensive,Intensive,263000,a,263000,a
2001,2001,NB,New Brunswick,Nouveau-Brunswick,Intensive,Intensive,2271500,a,2271500,a
2002,2002,NB,New Brunswick,Nouveau-Brunswick,Intensive,Intensive,445000,a,445000,a
2003,2003,NB,New Brunswick,Nouveau-Brunswick,Intensive,Intensive,389650,a,389650,a
2004,2004,NB,New Brunswick,Nouveau-Brunswick,Intensive,Intensive,296500,a,296500,a
2005,2005,NB,New Brunswick,Nouveau-Brunswick,Intensive,Intensive,1505100,a,1505100,a
2006,2006,NB,New Brunswick,Nouveau-Brunswick,Intensive,Intensive,501700,a,501700,a
2007,2007,NB,New Brunswick,Nouveau-Brunswick,Intensive,Intensive,51200,a,51200,a
2008,2008,NB,New Brunswick,Nouveau-Brunswick,Intensive,Intensive,30700,a,30700,a
2009,2009,NB,New Brunswick,Nouveau-Brunswick,Intensive,Intensive,230200,a,230200,a
2010,2010,NB,New Brunswick,Nouveau-Brunswick,Intensive,Intensive,201313,a,201313,a
2011,2011,NB,New Brunswick,Nouveau-Brunswick,Intensive,Intensive,24623,a,24623,a
2012,2012,NB,New Brunswick,Nouveau-Brunswick,Intensive,Intensive,1013611,a,1013611,a
2013,2013,NB,New Brunswick,Nouveau-Brunswick,Intensive,Intensive,698996,a,698996,a
2014,2014,NB,New Brunswick,Nouveau-Brunswick,Intensive,Intensive,456600,a,456600,a
2015,2015,NB,New Brunswick,Nouveau-Brunswick,Intensive,Intensive,456600,e,456600,e
2016,2016,NB,New Brunswick,Nouveau-Brunswick,Intensive,Intensive,456600,e,456600,e
2017,2017,NB,New Brunswick,Nouveau-Brunswick,Intensive,Intensive,456600,e,456600,e
2018,2018,NB,New Brunswick,Nouveau-Brunswick,Intensive,Intensive,20960,a,20960,a
2019,2019,NB,New Brunswick,Nouveau-Brunswick,Intensive,Intensive,,u,,u
1990,1990,QC,Quebec,QuÈbec,Intensive,Intensive,123939,a,123939,a
1991,1991,QC,Quebec,QuÈbec,Intensive,Intensive,1914926,a,1914926,a
1992,1992,QC,Quebec,QuÈbec,Intensive,Intensive,800810,a,800810,a
1993,1993,QC,Quebec,QuÈbec,Intensive,Intensive,6170,a,6170,a
1994,1994,QC,Quebec,QuÈbec,Intensive,Intensive,,u,,u
1995,1995,QC,Quebec,QuÈbec,Intensive,Intensive,,u,,u
1996,1996,QC,Quebec,QuÈbec,Intensive,Intensive,,u,,u
1997,1997,QC,Quebec,QuÈbec,Intensive,Intensive,,u,,u
1998,1998,QC,Quebec,QuÈbec,Intensive,Intensive,,u,,u
1999,1999,QC,Quebec,QuÈbec,Intensive,Intensive,,u,,u
2000,2000,QC,Quebec,QuÈbec,Intensive,Intensive,,u,,u
2001,2001,QC,Quebec,QuÈbec,Intensive,Intensive,,u,,u
2002,2002,QC,Quebec,QuÈbec,Intensive,Intensive,,u,,u
2003,2003,QC,Quebec,QuÈbec,Intensive,Intensive,,u,,u
2004,2004,QC,Quebec,QuÈbec,Intensive,Intensive,,u,,u
2005,2005,QC,Quebec,QuÈbec,Intensive,Intensive,,u,,u
2006,2006,QC,Quebec,QuÈbec,Intensive,Intensive,,u,,u
2007,2007,QC,Quebec,QuÈbec,Intensive,Intensive,,u,,u
2008,2008,QC,Quebec,QuÈbec,Intensive,Intensive,,u,,u
2009,2009,QC,Quebec,QuÈbec,Intensive,Intensive,,u,,u
2010,2010,QC,Quebec,QuÈbec,Intensive,Intensive,,u,,u
2011,2011,QC,Quebec,QuÈbec,Intensive,Intensive,,u,,u
2012,2012,QC,Quebec,QuÈbec,Intensive,Intensive,,u,,u
2013,2013,QC,Quebec,QuÈbec,Intensive,Intensive,,u,,u
2014,2014,QC,Quebec,QuÈbec,Intensive,Intensive,,u,,u
2015,2015,QC,Quebec,QuÈbec,Intensive,Intensive,,u,,u
2016,2016,QC,Quebec,QuÈbec,Intensive,Intensive,,n,,n
2017,2017,QC,Quebec,QuÈbec,Intensive,Intensive,,u,,u
2018,2018,QC,Quebec,QuÈbec,Intensive,Intensive,,u,,u
2019,2019,QC,Quebec,QuÈbec,Intensive,Intensive,,u,,u
2020,2020,QC,Quebec,QuÈbec,Intensive,Intensive,,u,,u
1990,1990,ON,Ontario,Ontario,Intensive,Intensive,407820,a,407820,a
1991,1991,ON,Ontario,Ontario,Intensive,Intensive,378995,a,378995,a
1992,1992,ON,Ontario,Ontario,Intensive,Intensive,14883,a,14883,a
1993,1993,ON,Ontario,Ontario,Intensive,Intensive,81420,a,81420,a
1994,1994,ON,Ontario,Ontario,Intensive,Intensive,756625,a,756625,a
1995,1995,ON,Ontario,Ontario,Intensive,Intensive,2235747,a,2235747,a
1996,1996,ON,Ontario,Ontario,Intensive,Intensive,1452416,p,1452416,p
1997,1997,ON,Ontario,Ontario,Intensive,Intensive,11922200,p,11922200,p
1998,1998,ON,Ontario,Ontario,Intensive,Intensive,2256085,a,2256085,a
1999,1999,ON,Ontario,Ontario,Intensive,Intensive,9594605,a,9594605,a
2000,2000,ON,Ontario,Ontario,Intensive,Intensive,700705,a,700705,a
2001,2001,ON,Ontario,Ontario,Intensive,Intensive,1383877,a,1383877,a
2002,2002,ON,Ontario,Ontario,Intensive,Intensive,1338650,a,1338650,a
2003,2003,ON,Ontario,Ontario,Intensive,Intensive,5169850,a,5169850,a
2004,2004,ON,Ontario,Ontario,Intensive,Intensive,1318775,a,1318775,a
2005,2005,ON,Ontario,Ontario,Intensive,Intensive,461184,a,461184,a
2006,2006,ON,Ontario,Ontario,Intensive,Intensive,652980,a,652980,a
2007,2007,ON,Ontario,Ontario,Intensive,Intensive,1999232,a,1999232,a
2008,2008,ON,Ontario,Ontario,Intensive,Intensive,45000,a,45000,a
2009,2009,ON,Ontario,Ontario,Intensive,Intensive,9000,a,9000,a
2010,2010,ON,Ontario,Ontario,Intensive,Intensive,453251,a,453251,a
2011,2011,ON,Ontario,Ontario,Intensive,Intensive,803400,a,803400,a
2012,2012,ON,Ontario,Ontario,Intensive,Intensive,2238269,a,2238269,a
2013,2013,ON,Ontario,Ontario,Intensive,Intensive,240301,a,240301,a
2014,2014,ON,Ontario,Ontario,Intensive,Intensive,20000,a,20000,a
2015,2015,ON,Ontario,Ontario,Intensive,Intensive,151910,a,151910,a
2016,2016,ON,Ontario,Ontario,Intensive,Intensive,835900,a,835900,a
2017,2017,ON,Ontario,Ontario,Intensive,Intensive,,u,,u
2018,2018,ON,Ontario,Ontario,Intensive,Intensive,112647,a,112647,a
2019,2019,ON,Ontario,Ontario,Intensive,Intensive,345002,a,345002,a
1990,1990,MB,Manitoba,Manitoba,Intensive,Intensive,,n,,n
1991,1991,MB,Manitoba,Manitoba,Intensive,Intensive,200000,a,200000,a
1992,1992,MB,Manitoba,Manitoba,Intensive,Intensive,,n,,n
1993,1993,MB,Manitoba,Manitoba,Intensive,Intensive,,n,,n
1994,1994,MB,Manitoba,Manitoba,Intensive,Intensive,,n,,n
1990,1990,NL,Newfoundland and Labrador,Terre-Neuve-et-Labrador,Intensive,Intensive,272160,a,272160,a
1991,1991,NL,Newfoundland and Labrador,Terre-Neuve-et-Labrador,Intensive,Intensive,20635,a,20635,a
1992,1992,NL,Newfoundland and Labrador,Terre-Neuve-et-Labrador,Intensive,Intensive,12680,a,12680,a
1993,1993,NL,Newfoundland and Labrador,Terre-Neuve-et-Labrador,Intensive,Intensive,8230,a,8230,a
1994,1994,NL,Newfoundland and Labrador,Terre-Neuve-et-Labrador,Intensive,Intensive,60235,a,60235,a
1995,1995,NL,Newfoundland and Labrador,Terre-Neuve-et-Labrador,Intensive,Intensive,20000,a,20000,a
1996,1996,NL,Newfoundland and Labrador,Terre-Neuve-et-Labrador,Intensive,Intensive,5450,a,5450,a
1997,1997,NL,Newfoundland and Labrador,Terre-Neuve-et-Labrador,Intensive,Intensive,250600,a,250600,a
1998,1998,NL,Newfoundland and Labrador,Terre-Neuve-et-Labrador,Intensive,Intensive,150400,a,150400,a
1999,1999,NL,Newfoundland and Labrador,Terre-Neuve-et-Labrador,Intensive,Intensive,415700,a,415700,a
2000,2000,NL,Newfoundland and Labrador,Terre-Neuve-et-Labrador,Intensive,Intensive,42000,a,42000,a
2001,2001,NL,Newfoundland and Labrador,Terre-Neuve-et-Labrador,Intensive,Intensive,400150,a,400150,a
2002,2002,NL,Newfoundland and Labrador,Terre-Neuve-et-Labrador,Intensive,Intensive,105533,a,105533,a
2003,2003,NL,Newfoundland and Labrador,Terre-Neuve-et-Labrador,Intensive,Intensive,150000,a,150000,a
2004,2004,NL,Newfoundland and Labrador,Terre-Neuve-et-Labrador,Intensive,Intensive,0,a,0,a
2005,2005,NL,Newfoundland and Labrador,Terre-Neuve-et-Labrador,Intensive,Intensive,14000,e,14000,e
2006,2006,NL,Newfoundland and Labrador,Terre-Neuve-et-Labrador,Intensive,Intensive,0,a,0,a
2007,2007,NL,Newfoundland and Labrador,Terre-Neuve-et-Labrador,Intensive,Intensive,0,a,0,a
2008,2008,NL,Newfoundland and Labrador,Terre-Neuve-et-Labrador,Intensive,Intensive,0,a,0,a
2009,2009,NL,Newfoundland and Labrador,Terre-Neuve-et-Labrador,Intensive,Intensive,15500,a,15500,a
2010,2010,NL,Newfoundland and Labrador,Terre-Neuve-et-Labrador,Intensive,Intensive,0,a,0,a
2011,2011,NL,Newfoundland and Labrador,Terre-Neuve-et-Labrador,Intensive,Intensive,0,a,0,a
2012,2012,NL,Newfoundland and Labrador,Terre-Neuve-et-Labrador,Intensive,Intensive,50000,a,50000,a
2013,2013,NL,Newfoundland and Labrador,Terre-Neuve-et-Labrador,Intensive,Intensive,32000,a,32000,a
2014,2014,NL,Newfoundland and Labrador,Terre-Neuve-et-Labrador,Intensive,Intensive,0,a,0,a
2015,2015,NL,Newfoundland and Labrador,Terre-Neuve-et-Labrador,Intensive,Intensive,1300,a,1300,a
2016,2016,NL,Newfoundland and Labrador,Terre-Neuve-et-Labrador,Intensive,Intensive,600000,a,600000,a
2017,2017,NL,Newfoundland and Labrador,Terre-Neuve-et-Labrador,Intensive,Intensive,22000,a,22000,a
2018,2018,NL,Newfoundland and Labrador,Terre-Neuve-et-Labrador,Intensive,Intensive,67100,a,67100,a
2019,2019,NL,Newfoundland and Labrador,Terre-Neuve-et-Labrador,Intensive,Intensive,,u,,u
1990,1990,PE,Prince Edward Island,Œle-du-Prince-…douard,Intensive,Intensive,3008,a,3008,a
1991,1991,PE,Prince Edward Island,Œle-du-Prince-…douard,Intensive,Intensive,13100,a,13100,a
1992,1992,PE,Prince Edward Island,Œle-du-Prince-…douard,Intensive,Intensive,0,a,0,a
1993,1993,PE,Prince Edward Island,Œle-du-Prince-…douard,Intensive,Intensive,0,a,0,a
1994,1994,PE,Prince Edward Island,Œle-du-Prince-…douard,Intensive,Intensive,0,a,0,a
1995,1995,PE,Prince Edward Island,Œle-du-Prince-…douard,Intensive,Intensive,0,a,0,a
1996,1996,PE,Prince Edward Island,Œle-du-Prince-…douard,Intensive,Intensive,0,a,0,a
1997,1997,PE,Prince Edward Island,Œle-du-Prince-…douard,Intensive,Intensive,9000,r,9000,r
1998,1998,PE,Prince Edward Island,Œle-du-Prince-…douard,Intensive,Intensive,7500,a,7500,a
1999,1999,PE,Prince Edward Island,Œle-du-Prince-…douard,Intensive,Intensive,7500,a,7500,a
2000,2000,PE,Prince Edward Island,Œle-du-Prince-…douard,Intensive,Intensive,,u,,u
2001,2001,PE,Prince Edward Island,Œle-du-Prince-…douard,Intensive,Intensive,,u,,u
2002,2002,PE,Prince Edward Island,Œle-du-Prince-…douard,Intensive,Intensive,18300,a,18300,a
2003,2003,PE,Prince Edward Island,Œle-du-Prince-…douard,Intensive,Intensive,1000,a,1000,a
2004,2004,PE,Prince Edward Island,Œle-du-Prince-…douard,Intensive,Intensive,300,a,300,a
2005,2005,PE,Prince Edward Island,Œle-du-Prince-…douard,Intensive,Intensive,0,a,0,a
2006,2006,PE,Prince Edward Island,Œle-du-Prince-…douard,Intensive,Intensive,12000,e,12000,e
2007,2007,PE,Prince Edward Island,Œle-du-Prince-…douard,Intensive,Intensive,2000,e,2000,e
2008,2008,PE,Prince Edward Island,Œle-du-Prince-…douard,Intensive,Intensive,500,e,500,e
2009,2009,PE,Prince Edward Island,Œle-du-Prince-…douard,Intensive,Intensive,700,e,700,e
2010,2010,PE,Prince Edward Island,Œle-du-Prince-…douard,Intensive,Intensive,700,e,700,e
2011,2011,PE,Prince Edward Island,Œle-du-Prince-…douard,Intensive,Intensive,2300,e,2300,e
2012,2012,PE,Prince Edward Island,Œle-du-Prince-…douard,Intensive,Intensive,8200,e,8200,e
2013,2013,PE,Prince Edward Island,Œle-du-Prince-…douard,Intensive,Intensive,86800,e,86800,e
2014,2014,PE,Prince Edward Island,Œle-du-Prince-…douard,Intensive,Intensive,0,e,0,e
2015,2015,PE,Prince Edward Island,Œle-du-Prince-…douard,Intensive,Intensive,0,e,0,e
2016,2016,PE,Prince Edward Island,Œle-du-Prince-…douard,Intensive,Intensive,,n,,n
2017,2017,PE,Prince Edward Island,Œle-du-Prince-…douard,Intensive,Intensive,,u,,u
2018,2018,PE,Prince Edward Island,Œle-du-Prince-…douard,Intensive,Intensive,,u,,u
2019,2019,PE,Prince Edward Island,Œle-du-Prince-…douard,Intensive,Intensive,,u,,u
1990,1990,NS,Nova Scotia,Nouvelle-…cosse,Intensive,Intensive,3250,a,3250,a
1991,1991,NS,Nova Scotia,Nouvelle-…cosse,Intensive,Intensive,110000,a,110000,a
1992,1992,NS,Nova Scotia,Nouvelle-…cosse,Intensive,Intensive,52400,a,52400,a
1993,1993,NS,Nova Scotia,Nouvelle-…cosse,Intensive,Intensive,100300,a,100300,a
1994,1994,NS,Nova Scotia,Nouvelle-…cosse,Intensive,Intensive,2750,a,2750,a
1995,1995,NS,Nova Scotia,Nouvelle-…cosse,Intensive,Intensive,50300,a,50300,a
1996,1996,NS,Nova Scotia,Nouvelle-…cosse,Intensive,Intensive,1000,a,1000,a
1997,1997,NS,Nova Scotia,Nouvelle-…cosse,Intensive,Intensive,24700,a,24700,a
1998,1998,NS,Nova Scotia,Nouvelle-…cosse,Intensive,Intensive,4000,e,4000,e
1999,1999,NS,Nova Scotia,Nouvelle-…cosse,Intensive,Intensive,22950,a,22950,a
2000,2000,NS,Nova Scotia,Nouvelle-…cosse,Intensive,Intensive,13800,a,13800,a
1995,1995,MB,Manitoba,Manitoba,Intensive,Intensive,2400000,a,2400000,a
1996,1996,MB,Manitoba,Manitoba,Intensive,Intensive,,n,,n
1997,1997,MB,Manitoba,Manitoba,Intensive,Intensive,,n,,n
1998,1998,MB,Manitoba,Manitoba,Intensive,Intensive,,n,,n
1999,1999,MB,Manitoba,Manitoba,Intensive,Intensive,,n,,n
2000,2000,MB,Manitoba,Manitoba,Intensive,Intensive,,n,,n
2001,2001,MB,Manitoba,Manitoba,Intensive,Intensive,,n,,n
2002,2002,MB,Manitoba,Manitoba,Intensive,Intensive,,n,,n
2003,2003,MB,Manitoba,Manitoba,Intensive,Intensive,,n,,n
2004,2004,MB,Manitoba,Manitoba,Intensive,Intensive,,n,,n
2005,2005,MB,Manitoba,Manitoba,Intensive,Intensive,,u,,u
2006,2006,MB,Manitoba,Manitoba,Intensive,Intensive,0,a,0,a
2007,2007,MB,Manitoba,Manitoba,Intensive,Intensive,,u,,u
2008,2008,MB,Manitoba,Manitoba,Intensive,Intensive,,u,,u
2009,2009,MB,Manitoba,Manitoba,Intensive,Intensive,,u,,u
2010,2010,MB,Manitoba,Manitoba,Intensive,Intensive,,u,,u
2011,2011,MB,Manitoba,Manitoba,Intensive,Intensive,,u,,u
2012,2012,MB,Manitoba,Manitoba,Intensive,Intensive,,u,,u
2013,2013,MB,Manitoba,Manitoba,Intensive,Intensive,,u,,u
2014,2014,MB,Manitoba,Manitoba,Intensive,Intensive,,u,,u
2015,2015,MB,Manitoba,Manitoba,Intensive,Intensive,,u,,u
2016,2016,MB,Manitoba,Manitoba,Intensive,Intensive,,u,,u
2017,2017,MB,Manitoba,Manitoba,Intensive,Intensive,,u,,u
2018,2018,MB,Manitoba,Manitoba,Intensive,Intensive,,u,,u
2019,2019,MB,Manitoba,Manitoba,Intensive,Intensive,,u,,u
1990,1990,SK,Saskatchewan,Saskatchewan,Intensive,Intensive,0,a,0,a
1991,1991,SK,Saskatchewan,Saskatchewan,Intensive,Intensive,0,a,0,a
1992,1992,SK,Saskatchewan,Saskatchewan,Intensive,Intensive,0,a,0,a
1993,1993,SK,Saskatchewan,Saskatchewan,Intensive,Intensive,0,a,0,a
1994,1994,SK,Saskatchewan,Saskatchewan,Intensive,Intensive,0,a,0,a
1995,1995,SK,Saskatchewan,Saskatchewan,Intensive,Intensive,0,a,0,a
1996,1996,SK,Saskatchewan,Saskatchewan,Intensive,Intensive,0,a,0,a
1997,1997,SK,Saskatchewan,Saskatchewan,Intensive,Intensive,0,a,0,a
1998,1998,SK,Saskatchewan,Saskatchewan,Intensive,Intensive,350000,a,350000,a
1999,1999,SK,Saskatchewan,Saskatchewan,Intensive,Intensive,2250000,a,2250000,a
2000,2000,SK,Saskatchewan,Saskatchewan,Intensive,Intensive,0,a,0,a
2001,2001,SK,Saskatchewan,Saskatchewan,Intensive,Intensive,0,a,0,a
2002,2002,SK,Saskatchewan,Saskatchewan,Intensive,Intensive,,n,,n
2003,2003,SK,Saskatchewan,Saskatchewan,Intensive,Intensive,,u,,u
2004,2004,SK,Saskatchewan,Saskatchewan,Intensive,Intensive,,u,,u
2005,2005,SK,Saskatchewan,Saskatchewan,Intensive,Intensive,,u,,u
2006,2006,SK,Saskatchewan,Saskatchewan,Intensive,Intensive,,u,,u
2007,2007,SK,Saskatchewan,Saskatchewan,Intensive,Intensive,,u,,u
2008,2008,SK,Saskatchewan,Saskatchewan,Intensive,Intensive,,u,,u
2009,2009,SK,Saskatchewan,Saskatchewan,Intensive,Intensive,,u,,u
2010,2010,SK,Saskatchewan,Saskatchewan,Intensive,Intensive,,u,,u
2011,2011,SK,Saskatchewan,Saskatchewan,Intensive,Intensive,,u,,u
2012,2012,SK,Saskatchewan,Saskatchewan,Intensive,Intensive,,u,,u
2013,2013,SK,Saskatchewan,Saskatchewan,Intensive,Intensive,,u,,u
2014,2014,SK,Saskatchewan,Saskatchewan,Intensive,Intensive,,u,,u
2015,2015,SK,Saskatchewan,Saskatchewan,Intensive,Intensive,,u,,u
2016,2016,SK,Saskatchewan,Saskatchewan,Intensive,Intensive,,u,,u
2017,2017,SK,Saskatchewan,Saskatchewan,Intensive,Intensive,,u,,u
2018,2018,SK,Saskatchewan,Saskatchewan,Intensive,Intensive,,u,,u
2019,2019,SK,Saskatchewan,Saskatchewan,Intensive,Intensive,,u,,u
1990,1990,AB,Alberta,Alberta,Intensive,Intensive,,n,,n
1991,1991,AB,Alberta,Alberta,Intensive,Intensive,,n,,n
1992,1992,AB,Alberta,Alberta,Intensive,Intensive,,n,,n
1993,1993,AB,Alberta,Alberta,Intensive,Intensive,,n,,n
1994,1994,AB,Alberta,Alberta,Intensive,Intensive,,n,,n
1995,1995,AB,Alberta,Alberta,Intensive,Intensive,,n,,n
1996,1996,AB,Alberta,Alberta,Intensive,Intensive,,n,,n
1997,1997,AB,Alberta,Alberta,Intensive,Intensive,,n,,n
1998,1998,AB,Alberta,Alberta,Intensive,Intensive,,n,,n
1999,1999,AB,Alberta,Alberta,Intensive,Intensive,,n,,n
2000,2000,AB,Alberta,Alberta,Intensive,Intensive,,n,,n
2001,2001,AB,Alberta,Alberta,Intensive,Intensive,,n,,n
2002,2002,AB,Alberta,Alberta,Intensive,Intensive,,n,,n
2003,2003,AB,Alberta,Alberta,Intensive,Intensive,,n,,n
2004,2004,AB,Alberta,Alberta,Intensive,Intensive,,n,,n
2005,2005,AB,Alberta,Alberta,Intensive,Intensive,,n,,n
2006,2006,AB,Alberta,Alberta,Intensive,Intensive,,n,,n
2007,2007,AB,Alberta,Alberta,Intensive,Intensive,,n,,n
2008,2008,AB,Alberta,Alberta,Intensive,Intensive,,n,,n
2009,2009,AB,Alberta,Alberta,Intensive,Intensive,,n,,n
2010,2010,AB,Alberta,Alberta,Intensive,Intensive,,n,,n
2011,2011,AB,Alberta,Alberta,Intensive,Intensive,,n,,n
2012,2012,AB,Alberta,Alberta,Intensive,Intensive,,n,,n
2013,2013,AB,Alberta,Alberta,Intensive,Intensive,,n,,n
2014,2014,AB,Alberta,Alberta,Intensive,Intensive,,n,,n
2015,2015,AB,Alberta,Alberta,Intensive,Intensive,,n,,n
2016,2016,AB,Alberta,Alberta,Intensive,Intensive,,n,,n
2017,2017,AB,Alberta,Alberta,Intensive,Intensive,,n,,n
2018,2018,AB,Alberta,Alberta,Intensive,Intensive,,n,,n
2019,2019,AB,Alberta,Alberta,Intensive,Intensive,,U,,U
1990,1990,BC,British Columbia,Colombie-Britannique,Intensive,Intensive,3569089,a,3569089,a
1991,1991,BC,British Columbia,Colombie-Britannique,Intensive,Intensive,1675581,a,1675581,a
1992,1992,BC,British Columbia,Colombie-Britannique,Intensive,Intensive,2001511,a,2001511,a
1993,1993,BC,British Columbia,Colombie-Britannique,Intensive,Intensive,3650159,a,3650159,a
1994,1994,BC,British Columbia,Colombie-Britannique,Intensive,Intensive,11844924,a,11844924,a
1995,1995,BC,British Columbia,Colombie-Britannique,Intensive,Intensive,7337770,a,7337770,a
1996,1996,BC,British Columbia,Colombie-Britannique,Intensive,Intensive,2798557,a,2798557,a
1997,1997,BC,British Columbia,Colombie-Britannique,Intensive,Intensive,17200,a,17200,a
1998,1998,BC,British Columbia,Colombie-Britannique,Intensive,Intensive,5028,r,5028,r
1999,1999,BC,British Columbia,Colombie-Britannique,Intensive,Intensive,1021,a,1021,a
2000,2000,BC,British Columbia,Colombie-Britannique,Intensive,Intensive,1088,p,1088,p
2001,2001,BC,British Columbia,Colombie-Britannique,Intensive,Intensive,646,p,646,p
2002,2002,BC,British Columbia,Colombie-Britannique,Intensive,Intensive,2474250,a,2474250,a
2003,2003,BC,British Columbia,Colombie-Britannique,Intensive,Intensive,99232,a,99232,a
2004,2004,BC,British Columbia,Colombie-Britannique,Intensive,Intensive,1093141,a,1093141,a
2005,2005,BC,British Columbia,Colombie-Britannique,Intensive,Intensive,102647,a,102647,a
2006,2006,BC,British Columbia,Colombie-Britannique,Intensive,Intensive,1071704,a,1071704,a
2007,2007,BC,British Columbia,Colombie-Britannique,Intensive,Intensive,37012,a,37012,a
2008,2008,BC,British Columbia,Colombie-Britannique,Intensive,Intensive,5402869,a,5402869,a
2009,2009,BC,British Columbia,Colombie-Britannique,Intensive,Intensive,3961725,a,3961725,a
2010,2010,BC,British Columbia,Colombie-Britannique,Intensive,Intensive,1983140,a,1983140,a
2011,2011,BC,British Columbia,Colombie-Britannique,Intensive,Intensive,80000,a,80000,a
2012,2012,BC,British Columbia,Colombie-Britannique,Intensive,Intensive,1854908,p,1854908,p
2013,2013,BC,British Columbia,Colombie-Britannique,Intensive,Intensive,,u,,u
2014,2014,BC,British Columbia,Colombie-Britannique,Intensive,Intensive,,u,,u
2015,2015,BC,British Columbia,Colombie-Britannique,Intensive,Intensive,10588800,a,10588800,a
2016,2016,BC,British Columbia,Colombie-Britannique,Intensive,Intensive,3000,a,3000,a
2017,2017,BC,British Columbia,Colombie-Britannique,Intensive,Intensive,6730625,a,6730625,a
2018,2018,BC,British Columbia,Colombie-Britannique,Intensive,Intensive,3100000,a,3100000,a
2019,2019,BC,British Columbia,Colombie-Britannique,Intensive,Intensive,0,p,0,p
1990,1990,YT,Yukon,Yukon,Intensive,Intensive,50400,a,50400,a
1991,1991,YT,Yukon,Yukon,Intensive,Intensive,0,a,0,a
1992,1992,YT,Yukon,Yukon,Intensive,Intensive,30300,a,30300,a
1993,1993,YT,Yukon,Yukon,Intensive,Intensive,0,a,0,a
1994,1994,YT,Yukon,Yukon,Intensive,Intensive,0,a,0,a
1995,1995,YT,Yukon,Yukon,Intensive,Intensive,0,a,0,a
1996,1996,YT,Yukon,Yukon,Intensive,Intensive,,u,,u
1997,1997,YT,Yukon,Yukon,Intensive,Intensive,,u,,u
1998,1998,YT,Yukon,Yukon,Intensive,Intensive,,u,,u
1999,1999,YT,Yukon,Yukon,Intensive,Intensive,,u,,u
2000,2000,YT,Yukon,Yukon,Intensive,Intensive,,u,,u
2001,2001,YT,Yukon,Yukon,Intensive,Intensive,,u,,u
2002,2002,YT,Yukon,Yukon,Intensive,Intensive,,u,,u
2003,2003,YT,Yukon,Yukon,Intensive,Intensive,,u,,u
2004,2004,YT,Yukon,Yukon,Intensive,Intensive,,u,,u
2005,2005,YT,Yukon,Yukon,Intensive,Intensive,,u,,u
2006,2006,YT,Yukon,Yukon,Intensive,Intensive,,u,,u
2007,2007,YT,Yukon,Yukon,Intensive,Intensive,,u,,u
2008,2008,YT,Yukon,Yukon,Intensive,Intensive,,u,,u
2009,2009,YT,Yukon,Yukon,Intensive,Intensive,,u,,u
2010,2010,YT,Yukon,Yukon,Intensive,Intensive,,u,,u
2011,2011,YT,Yukon,Yukon,Intensive,Intensive,,u,,u
2012,2012,YT,Yukon,Yukon,Intensive,Intensive,,u,,u
2013,2013,YT,Yukon,Yukon,Intensive,Intensive,,u,,u
2014,2014,YT,Yukon,Yukon,Intensive,Intensive,,u,,u
2015,2015,YT,Yukon,Yukon,Intensive,Intensive,0,e,0,e
2016,2016,YT,Yukon,Yukon,Intensive,Intensive,0,e,0,e
2017,2017,YT,Yukon,Yukon,Intensive,Intensive,0,e,0,e
2018,2018,YT,Yukon,Yukon,Intensive,Intensive,,u,,u
2019,2019,YT,Yukon,Yukon,Intensive,Intensive,,u,,u
1990,1990,NT,Northwest Territories,Territoires du Nord-Ouest,Intensive,Intensive,5000,a,5000,a
1991,1991,NT,Northwest Territories,Territoires du Nord-Ouest,Intensive,Intensive,17000,a,17000,a
1992,1992,NT,Northwest Territories,Territoires du Nord-Ouest,Intensive,Intensive,45000,a,45000,a
1993,1993,NT,Northwest Territories,Territoires du Nord-Ouest,Intensive,Intensive,11000,a,11000,a
1994,1994,NT,Northwest Territories,Territoires du Nord-Ouest,Intensive,Intensive,0,a,0,a
1995,1995,NT,Northwest Territories,Territoires du Nord-Ouest,Intensive,Intensive,0,a,0,a
1996,1996,NT,Northwest Territories,Territoires du Nord-Ouest,Intensive,Intensive,64000,a,64000,a
1997,1997,NT,Northwest Territories,Territoires du Nord-Ouest,Intensive,Intensive,28000,a,28000,a
1998,1998,NT,Northwest Territories,Territoires du Nord-Ouest,Intensive,Intensive,45000,a,45000,a
1999,1999,NT,Northwest Territories,Territoires du Nord-Ouest,Intensive,Intensive,9000,a,9000,a
2000,2000,NT,Northwest Territories,Territoires du Nord-Ouest,Intensive,Intensive,9000,a,9000,a
2001,2001,NT,Northwest Territories,Territoires du Nord-Ouest,Intensive,Intensive,0,a,0,a
2002,2002,NT,Northwest Territories,Territoires du Nord-Ouest,Intensive,Intensive,4000,a,4000,a
2003,2003,NT,Northwest Territories,Territoires du Nord-Ouest,Intensive,Intensive,19000,a,19000,a
2004,2004,NT,Northwest Territories,Territoires du Nord-Ouest,Intensive,Intensive,0,a,0,a
2005,2005,NT,Northwest Territories,Territoires du Nord-Ouest,Intensive,Intensive,10000,a,10000,a
2006,2006,NT,Northwest Territories,Territoires du Nord-Ouest,Intensive,Intensive,10000,e,10000,e
2007,2007,NT,Northwest Territories,Territoires du Nord-Ouest,Intensive,Intensive,45000,a,45000,a
2008,2008,NT,Northwest Territories,Territoires du Nord-Ouest,Intensive,Intensive,51000,a,51000,a
2009,2009,NT,Northwest Territories,Territoires du Nord-Ouest,Intensive,Intensive,0,a,0,a
2010,2010,NT,Northwest Territories,Territoires du Nord-Ouest,Intensive,Intensive,0,e,0,e
2011,2011,NT,Northwest Territories,Territoires du Nord-Ouest,Intensive,Intensive,0,e,0,e
2012,2012,NT,Northwest Territories,Territoires du Nord-Ouest,Intensive,Intensive,0,e,0,e
2013,2013,NT,Northwest Territories,Territoires du Nord-Ouest,Intensive,Intensive,0,e,0,e
2014,2014,NT,Northwest Territories,Territoires du Nord-Ouest,Intensive,Intensive,0,e,0,e
2015,2015,NT,Northwest Territories,Territoires du Nord-Ouest,Intensive,Intensive,0,e,0,e
2016,2016,NT,Northwest Territories,Territoires du Nord-Ouest,Intensive,Intensive,0,e,0,e
2017,2017,NT,Northwest Territories,Territoires du Nord-Ouest,Intensive,Intensive,0,e,0,e
2018,2018,NT,Northwest Territories,Territoires du Nord-Ouest,Intensive,Intensive,0,e,0,e
2019,2019,NT,Northwest Territories,Territoires du Nord-Ouest,Intensive,Intensive,0,a,0,a
2020,2020,NT,Northwest Territories,Territoires du Nord-Ouest,Intensive,Intensive,0,a,0,a
1990,1990,NP,National parks,Parcs nationaux,Intensive,Intensive,0,a,0,a
1991,1991,NP,National parks,Parcs nationaux,Intensive,Intensive,0,a,0,a
1992,1992,NP,National parks,Parcs nationaux,Intensive,Intensive,0,a,0,a
1993,1993,NP,National parks,Parcs nationaux,Intensive,Intensive,0,a,0,a
1994,1994,NP,National parks,Parcs nationaux,Intensive,Intensive,0,a,0,a
1995,1995,NP,National parks,Parcs nationaux,Intensive,Intensive,0,a,0,a
1996,1996,NP,National parks,Parcs nationaux,Intensive,Intensive,,n,,n
1997,1997,NP,National parks,Parcs nationaux,Intensive,Intensive,0,a,0,a
1998,1998,NP,National parks,Parcs nationaux,Intensive,Intensive,,u,,u
1999,1999,NP,National parks,Parcs nationaux,Intensive,Intensive,,u,,u
2000,2000,NP,National parks,Parcs nationaux,Intensive,Intensive,,u,,u
2001,2001,NP,National parks,Parcs nationaux,Intensive,Intensive,,u,,u
2002,2002,NP,National parks,Parcs nationaux,Intensive,Intensive,,u,,u
2003,2003,NP,National parks,Parcs nationaux,Intensive,Intensive,,u,,u
2004,2004,NP,National parks,Parcs nationaux,Intensive,Intensive,,u,,u
2005,2005,NP,National parks,Parcs nationaux,Intensive,Intensive,,u,,u
2006,2006,NP,National parks,Parcs nationaux,Intensive,Intensive,,u,,u
2007,2007,NP,National parks,Parcs nationaux,Intensive,Intensive,,u,,u
2008,2008,NP,National parks,Parcs nationaux,Intensive,Intensive,,u,,u
2009,2009,NP,National parks,Parcs nationaux,Intensive,Intensive,,u,,u
2010,2010,NP,National parks,Parcs nationaux,Intensive,Intensive,,u,,u
2011,2011,NP,National parks,Parcs nationaux,Intensive,Intensive,,u,,u
2012,2012,NP,National parks,Parcs nationaux,Intensive,Intensive,,u,,u
2013,2013,NP,National parks,Parcs nationaux,Intensive,Intensive,,u,,u
2014,2014,NP,National parks,Parcs nationaux,Intensive,Intensive,,u,,u
2015,2015,NP,National parks,Parcs nationaux,Intensive,Intensive,,u,,u
2016,2016,NP,National parks,Parcs nationaux,Intensive,Intensive,,u,,u
2017,2017,NP,National parks,Parcs nationaux,Intensive,Intensive,0,a,0,a
2018,2018,NP,National parks,Parcs nationaux,Intensive,Intensive,0,a,0,a
2019,2019,NP,National parks,Parcs nationaux,Intensive,Intensive,0,a,0,a
2002,2002,NS,Nova Scotia,Nouvelle-…cosse,Limited,LimitÈe,,n,,n
2003,2003,NS,Nova Scotia,Nouvelle-…cosse,Limited,LimitÈe,,n,,n
2004,2004,NS,Nova Scotia,Nouvelle-…cosse,Limited,LimitÈe,,n,,n
2005,2005,NS,Nova Scotia,Nouvelle-…cosse,Limited,LimitÈe,,n,,n
2006,2006,NS,Nova Scotia,Nouvelle-…cosse,Limited,LimitÈe,,n,,n
2007,2007,NS,Nova Scotia,Nouvelle-…cosse,Limited,LimitÈe,,n,,n
2008,2008,NS,Nova Scotia,Nouvelle-…cosse,Limited,LimitÈe,,n,,n
2009,2009,NS,Nova Scotia,Nouvelle-…cosse,Limited,LimitÈe,,n,,n
2010,2010,NS,Nova Scotia,Nouvelle-…cosse,Limited,LimitÈe,,n,,n
2011,2011,NS,Nova Scotia,Nouvelle-…cosse,Limited,LimitÈe,,n,,n
2012,2012,NS,Nova Scotia,Nouvelle-…cosse,Limited,LimitÈe,,n,,n
2013,2013,NS,Nova Scotia,Nouvelle-…cosse,Limited,LimitÈe,,n,,n
2014,2014,NS,Nova Scotia,Nouvelle-…cosse,Limited,LimitÈe,,n,,n
2015,2015,NS,Nova Scotia,Nouvelle-…cosse,Limited,LimitÈe,,n,,n
2016,2016,NS,Nova Scotia,Nouvelle-…cosse,Limited,LimitÈe,,n,,n
2017,2017,NS,Nova Scotia,Nouvelle-…cosse,Limited,LimitÈe,,n,,n
2018,2018,NS,Nova Scotia,Nouvelle-…cosse,Limited,LimitÈe,,n,,n
2019,2019,NS,Nova Scotia,Nouvelle-…cosse,Limited,LimitÈe,,n,,n
1990,1990,NB,New Brunswick,Nouveau-Brunswick,Limited,LimitÈe,,n,,n
1991,1991,NB,New Brunswick,Nouveau-Brunswick,Limited,LimitÈe,,n,,n
1992,1992,NB,New Brunswick,Nouveau-Brunswick,Limited,LimitÈe,,n,,n
1993,1993,NB,New Brunswick,Nouveau-Brunswick,Limited,LimitÈe,,n,,n
1994,1994,NB,New Brunswick,Nouveau-Brunswick,Limited,LimitÈe,,n,,n
1995,1995,NB,New Brunswick,Nouveau-Brunswick,Limited,LimitÈe,,n,,n
1996,1996,NB,New Brunswick,Nouveau-Brunswick,Limited,LimitÈe,,n,,n
1997,1997,NB,New Brunswick,Nouveau-Brunswick,Limited,LimitÈe,,n,,n
1998,1998,NB,New Brunswick,Nouveau-Brunswick,Limited,LimitÈe,,n,,n
1999,1999,NB,New Brunswick,Nouveau-Brunswick,Limited,LimitÈe,,n,,n
2000,2000,NB,New Brunswick,Nouveau-Brunswick,Limited,LimitÈe,,n,,n
2001,2001,NB,New Brunswick,Nouveau-Brunswick,Limited,LimitÈe,,n,,n
2002,2002,NB,New Brunswick,Nouveau-Brunswick,Limited,LimitÈe,,n,,n
2003,2003,NB,New Brunswick,Nouveau-Brunswick,Limited,LimitÈe,,n,,n
2004,2004,NB,New Brunswick,Nouveau-Brunswick,Limited,LimitÈe,,n,,n
2005,2005,NB,New Brunswick,Nouveau-Brunswick,Limited,LimitÈe,,n,,n
2006,2006,NB,New Brunswick,Nouveau-Brunswick,Limited,LimitÈe,,n,,n
2007,2007,NB,New Brunswick,Nouveau-Brunswick,Limited,LimitÈe,,n,,n
2008,2008,NB,New Brunswick,Nouveau-Brunswick,Limited,LimitÈe,,n,,n
2009,2009,NB,New Brunswick,Nouveau-Brunswick,Limited,LimitÈe,,n,,n
2010,2010,NB,New Brunswick,Nouveau-Brunswick,Limited,LimitÈe,,n,,n
2011,2011,NB,New Brunswick,Nouveau-Brunswick,Limited,LimitÈe,,n,,n
2012,2012,NB,New Brunswick,Nouveau-Brunswick,Limited,LimitÈe,,n,,n
2013,2013,NB,New Brunswick,Nouveau-Brunswick,Limited,LimitÈe,,n,,n
2014,2014,NB,New Brunswick,Nouveau-Brunswick,Limited,LimitÈe,,n,,n
2015,2015,NB,New Brunswick,Nouveau-Brunswick,Limited,LimitÈe,,n,,n
2016,2016,NB,New Brunswick,Nouveau-Brunswick,Limited,LimitÈe,,n,,n
2017,2017,NB,New Brunswick,Nouveau-Brunswick,Limited,LimitÈe,,n,,n
2018,2018,NB,New Brunswick,Nouveau-Brunswick,Limited,LimitÈe,,n,,n
2019,2019,NB,New Brunswick,Nouveau-Brunswick,Limited,LimitÈe,,n,,n
1990,1990,QC,Quebec,QuÈbec,Limited,LimitÈe,0,a,0,a
1991,1991,QC,Quebec,QuÈbec,Limited,LimitÈe,0,a,0,a
1992,1992,QC,Quebec,QuÈbec,Limited,LimitÈe,0,a,0,a
1993,1993,QC,Quebec,QuÈbec,Limited,LimitÈe,0,a,0,a
1994,1994,QC,Quebec,QuÈbec,Limited,LimitÈe,,u,,u
1995,1995,QC,Quebec,QuÈbec,Limited,LimitÈe,,u,,u
1996,1996,QC,Quebec,QuÈbec,Limited,LimitÈe,,u,,u
1997,1997,QC,Quebec,QuÈbec,Limited,LimitÈe,,u,,u
1998,1998,QC,Quebec,QuÈbec,Limited,LimitÈe,,u,,u
1999,1999,QC,Quebec,QuÈbec,Limited,LimitÈe,,u,,u
2000,2000,QC,Quebec,QuÈbec,Limited,LimitÈe,,u,,u
2001,2001,QC,Quebec,QuÈbec,Limited,LimitÈe,,u,,u
2002,2002,QC,Quebec,QuÈbec,Limited,LimitÈe,,u,,u
2003,2003,QC,Quebec,QuÈbec,Limited,LimitÈe,,u,,u
2004,2004,QC,Quebec,QuÈbec,Limited,LimitÈe,,u,,u
2005,2005,QC,Quebec,QuÈbec,Limited,LimitÈe,,u,,u
2006,2006,QC,Quebec,QuÈbec,Limited,LimitÈe,,u,,u
2007,2007,QC,Quebec,QuÈbec,Limited,LimitÈe,,u,,u
2008,2008,QC,Quebec,QuÈbec,Limited,LimitÈe,,u,,u
2009,2009,QC,Quebec,QuÈbec,Limited,LimitÈe,,u,,u
2010,2010,QC,Quebec,QuÈbec,Limited,LimitÈe,,u,,u
2011,2011,QC,Quebec,QuÈbec,Limited,LimitÈe,,u,,u
2012,2012,QC,Quebec,QuÈbec,Limited,LimitÈe,,u,,u
2013,2013,QC,Quebec,QuÈbec,Limited,LimitÈe,,u,,u
2014,2014,QC,Quebec,QuÈbec,Limited,LimitÈe,,u,,u
2015,2015,QC,Quebec,QuÈbec,Limited,LimitÈe,,u,,u
2016,2016,QC,Quebec,QuÈbec,Limited,LimitÈe,,n,,n
2017,2017,QC,Quebec,QuÈbec,Limited,LimitÈe,,u,,u
2018,2018,QC,Quebec,QuÈbec,Limited,LimitÈe,,u,,u
2019,2019,QC,Quebec,QuÈbec,Limited,LimitÈe,,u,,u
2020,2020,QC,Quebec,QuÈbec,Limited,LimitÈe,,U,,U
1990,1990,ON,Ontario,Ontario,Limited,LimitÈe,16000,a,16000,a
1991,1991,ON,Ontario,Ontario,Limited,LimitÈe,70000,a,70000,a
1992,1992,ON,Ontario,Ontario,Limited,LimitÈe,15768,a,15768,a
1993,1993,ON,Ontario,Ontario,Limited,LimitÈe,57200,a,57200,a
1994,1994,ON,Ontario,Ontario,Limited,LimitÈe,11000,a,11000,a
1995,1995,ON,Ontario,Ontario,Limited,LimitÈe,256225,a,256225,a
1996,1996,ON,Ontario,Ontario,Limited,LimitÈe,32354,p,32354,p
1997,1997,ON,Ontario,Ontario,Limited,LimitÈe,193701,p,193701,p
1998,1998,ON,Ontario,Ontario,Limited,LimitÈe,59050,a,59050,a
1999,1999,ON,Ontario,Ontario,Limited,LimitÈe,195755,a,195755,a
2000,2000,ON,Ontario,Ontario,Limited,LimitÈe,300000,a,300000,a
2001,2001,ON,Ontario,Ontario,Limited,LimitÈe,5500,a,5500,a
2002,2002,ON,Ontario,Ontario,Limited,LimitÈe,18500,a,18500,a
2003,2003,ON,Ontario,Ontario,Limited,LimitÈe,71000,a,71000,a
2004,2004,ON,Ontario,Ontario,Limited,LimitÈe,0,a,0,a
2005,2005,ON,Ontario,Ontario,Limited,LimitÈe,150,a,150,a
2006,2006,ON,Ontario,Ontario,Limited,LimitÈe,27001,a,27001,a
2007,2007,ON,Ontario,Ontario,Limited,LimitÈe,0,a,0,a
2008,2008,ON,Ontario,Ontario,Limited,LimitÈe,0,a,0,a
2009,2009,ON,Ontario,Ontario,Limited,LimitÈe,0,a,0,a
2010,2010,ON,Ontario,Ontario,Limited,LimitÈe,9000,a,9000,a
2011,2011,ON,Ontario,Ontario,Limited,LimitÈe,327000,a,327000,a
2012,2012,ON,Ontario,Ontario,Limited,LimitÈe,0,a,0,a
2013,2013,ON,Ontario,Ontario,Limited,LimitÈe,325242,a,325242,a
2014,2014,ON,Ontario,Ontario,Limited,LimitÈe,0,a,0,a
2015,2015,ON,Ontario,Ontario,Limited,LimitÈe,2102,a,2102,a
2016,2016,ON,Ontario,Ontario,Limited,LimitÈe,33000,a,33000,a
2017,2017,ON,Ontario,Ontario,Limited,LimitÈe,0,a,0,a
2018,2018,ON,Ontario,Ontario,Limited,LimitÈe,52467,a,52467,a
2019,2019,ON,Ontario,Ontario,Limited,LimitÈe,20000,a,20000,a
1990,1990,MB,Manitoba,Manitoba,Limited,LimitÈe,,n,,n
1991,1991,MB,Manitoba,Manitoba,Limited,LimitÈe,,n,,n
1992,1992,MB,Manitoba,Manitoba,Limited,LimitÈe,,n,,n
1993,1993,MB,Manitoba,Manitoba,Limited,LimitÈe,,n,,n
1994,1994,MB,Manitoba,Manitoba,Limited,LimitÈe,,n,,n
1995,1995,MB,Manitoba,Manitoba,Limited,LimitÈe,,n,,n
1996,1996,MB,Manitoba,Manitoba,Limited,LimitÈe,,n,,n
1997,1997,MB,Manitoba,Manitoba,Limited,LimitÈe,,n,,n
1998,1998,MB,Manitoba,Manitoba,Limited,LimitÈe,,n,,n
1999,1999,MB,Manitoba,Manitoba,Limited,LimitÈe,,n,,n
1990,1990,NL,Newfoundland and Labrador,Terre-Neuve-et-Labrador,Limited,LimitÈe,,u,,u
1991,1991,NL,Newfoundland and Labrador,Terre-Neuve-et-Labrador,Limited,LimitÈe,,u,,u
1992,1992,NL,Newfoundland and Labrador,Terre-Neuve-et-Labrador,Limited,LimitÈe,,u,,u
1993,1993,NL,Newfoundland and Labrador,Terre-Neuve-et-Labrador,Limited,LimitÈe,,u,,u
1994,1994,NL,Newfoundland and Labrador,Terre-Neuve-et-Labrador,Limited,LimitÈe,,u,,u
1995,1995,NL,Newfoundland and Labrador,Terre-Neuve-et-Labrador,Limited,LimitÈe,,u,,u
1996,1996,NL,Newfoundland and Labrador,Terre-Neuve-et-Labrador,Limited,LimitÈe,,u,,u
1997,1997,NL,Newfoundland and Labrador,Terre-Neuve-et-Labrador,Limited,LimitÈe,,u,,u
1998,1998,NL,Newfoundland and Labrador,Terre-Neuve-et-Labrador,Limited,LimitÈe,,u,,u
1999,1999,NL,Newfoundland and Labrador,Terre-Neuve-et-Labrador,Limited,LimitÈe,,u,,u
2000,2000,NL,Newfoundland and Labrador,Terre-Neuve-et-Labrador,Limited,LimitÈe,,u,,u
2001,2001,NL,Newfoundland and Labrador,Terre-Neuve-et-Labrador,Limited,LimitÈe,0,a,0,a
2002,2002,NL,Newfoundland and Labrador,Terre-Neuve-et-Labrador,Limited,LimitÈe,,u,,u
2003,2003,NL,Newfoundland and Labrador,Terre-Neuve-et-Labrador,Limited,LimitÈe,0,a,0,a
2004,2004,NL,Newfoundland and Labrador,Terre-Neuve-et-Labrador,Limited,LimitÈe,0,a,0,a
2005,2005,NL,Newfoundland and Labrador,Terre-Neuve-et-Labrador,Limited,LimitÈe,0,a,0,a
2006,2006,NL,Newfoundland and Labrador,Terre-Neuve-et-Labrador,Limited,LimitÈe,0,a,0,a
2007,2007,NL,Newfoundland and Labrador,Terre-Neuve-et-Labrador,Limited,LimitÈe,0,a,0,a
2008,2008,NL,Newfoundland and Labrador,Terre-Neuve-et-Labrador,Limited,LimitÈe,0,a,0,a
2009,2009,NL,Newfoundland and Labrador,Terre-Neuve-et-Labrador,Limited,LimitÈe,0,a,0,a
2010,2010,NL,Newfoundland and Labrador,Terre-Neuve-et-Labrador,Limited,LimitÈe,0,a,0,a
2011,2011,NL,Newfoundland and Labrador,Terre-Neuve-et-Labrador,Limited,LimitÈe,0,a,0,a
2012,2012,NL,Newfoundland and Labrador,Terre-Neuve-et-Labrador,Limited,LimitÈe,50000,a,50000,a
2013,2013,NL,Newfoundland and Labrador,Terre-Neuve-et-Labrador,Limited,LimitÈe,0,a,0,a
2014,2014,NL,Newfoundland and Labrador,Terre-Neuve-et-Labrador,Limited,LimitÈe,0,a,0,a
2015,2015,NL,Newfoundland and Labrador,Terre-Neuve-et-Labrador,Limited,LimitÈe,0,a,0,a
2016,2016,NL,Newfoundland and Labrador,Terre-Neuve-et-Labrador,Limited,LimitÈe,0,a,0,a
2017,2017,NL,Newfoundland and Labrador,Terre-Neuve-et-Labrador,Limited,LimitÈe,0,a,0,a
2018,2018,NL,Newfoundland and Labrador,Terre-Neuve-et-Labrador,Limited,LimitÈe,0,a,0,a
2019,2019,NL,Newfoundland and Labrador,Terre-Neuve-et-Labrador,Limited,LimitÈe,0,a,0,a
1990,1990,PE,Prince Edward Island,Œle-du-Prince-…douard,Limited,LimitÈe,,n,,n
1991,1991,PE,Prince Edward Island,Œle-du-Prince-…douard,Limited,LimitÈe,,n,,n
1992,1992,PE,Prince Edward Island,Œle-du-Prince-…douard,Limited,LimitÈe,,n,,n
1993,1993,PE,Prince Edward Island,Œle-du-Prince-…douard,Limited,LimitÈe,,n,,n
1994,1994,PE,Prince Edward Island,Œle-du-Prince-…douard,Limited,LimitÈe,,n,,n
1995,1995,PE,Prince Edward Island,Œle-du-Prince-…douard,Limited,LimitÈe,,n,,n
1996,1996,PE,Prince Edward Island,Œle-du-Prince-…douard,Limited,LimitÈe,,n,,n
1997,1997,PE,Prince Edward Island,Œle-du-Prince-…douard,Limited,LimitÈe,,n,,n
1998,1998,PE,Prince Edward Island,Œle-du-Prince-…douard,Limited,LimitÈe,,n,,n
1999,1999,PE,Prince Edward Island,Œle-du-Prince-…douard,Limited,LimitÈe,,n,,n
2000,2000,PE,Prince Edward Island,Œle-du-Prince-…douard,Limited,LimitÈe,,n,,n
2001,2001,PE,Prince Edward Island,Œle-du-Prince-…douard,Limited,LimitÈe,,n,,n
2002,2002,PE,Prince Edward Island,Œle-du-Prince-…douard,Limited,LimitÈe,,n,,n
2003,2003,PE,Prince Edward Island,Œle-du-Prince-…douard,Limited,LimitÈe,,n,,n
2004,2004,PE,Prince Edward Island,Œle-du-Prince-…douard,Limited,LimitÈe,,n,,n
2005,2005,PE,Prince Edward Island,Œle-du-Prince-…douard,Limited,LimitÈe,,n,,n
2006,2006,PE,Prince Edward Island,Œle-du-Prince-…douard,Limited,LimitÈe,,n,,n
2007,2007,PE,Prince Edward Island,Œle-du-Prince-…douard,Limited,LimitÈe,,n,,n
2008,2008,PE,Prince Edward Island,Œle-du-Prince-…douard,Limited,LimitÈe,,n,,n
2009,2009,PE,Prince Edward Island,Œle-du-Prince-…douard,Limited,LimitÈe,,n,,n
2010,2010,PE,Prince Edward Island,Œle-du-Prince-…douard,Limited,LimitÈe,,n,,n
2011,2011,PE,Prince Edward Island,Œle-du-Prince-…douard,Limited,LimitÈe,,n,,n
2012,2012,PE,Prince Edward Island,Œle-du-Prince-…douard,Limited,LimitÈe,,n,,n
2013,2013,PE,Prince Edward Island,Œle-du-Prince-…douard,Limited,LimitÈe,,n,,n
2014,2014,PE,Prince Edward Island,Œle-du-Prince-…douard,Limited,LimitÈe,,n,,n
2015,2015,PE,Prince Edward Island,Œle-du-Prince-…douard,Limited,LimitÈe,,n,,n
2016,2016,PE,Prince Edward Island,Œle-du-Prince-…douard,Limited,LimitÈe,,n,,n
2017,2017,PE,Prince Edward Island,Œle-du-Prince-…douard,Limited,LimitÈe,,n,,n
2018,2018,PE,Prince Edward Island,Œle-du-Prince-…douard,Limited,LimitÈe,,n,,n
2019,2019,PE,Prince Edward Island,Œle-du-Prince-…douard,Limited,LimitÈe,,n,,n
1990,1990,NS,Nova Scotia,Nouvelle-…cosse,Limited,LimitÈe,,n,,n
1991,1991,NS,Nova Scotia,Nouvelle-…cosse,Limited,LimitÈe,,n,,n
1992,1992,NS,Nova Scotia,Nouvelle-…cosse,Limited,LimitÈe,,n,,n
1993,1993,NS,Nova Scotia,Nouvelle-…cosse,Limited,LimitÈe,,n,,n
1994,1994,NS,Nova Scotia,Nouvelle-…cosse,Limited,LimitÈe,,n,,n
1995,1995,NS,Nova Scotia,Nouvelle-…cosse,Limited,LimitÈe,,n,,n
1996,1996,NS,Nova Scotia,Nouvelle-…cosse,Limited,LimitÈe,,n,,n
1997,1997,NS,Nova Scotia,Nouvelle-…cosse,Limited,LimitÈe,,n,,n
1998,1998,NS,Nova Scotia,Nouvelle-…cosse,Limited,LimitÈe,,n,,n
1999,1999,NS,Nova Scotia,Nouvelle-…cosse,Limited,LimitÈe,,n,,n
2000,2000,NS,Nova Scotia,Nouvelle-…cosse,Limited,LimitÈe,,n,,n
2001,2001,NS,Nova Scotia,Nouvelle-…cosse,Limited,LimitÈe,,n,,n
2000,2000,MB,Manitoba,Manitoba,Limited,LimitÈe,,n,,n
2001,2001,MB,Manitoba,Manitoba,Limited,LimitÈe,,n,,n
2002,2002,MB,Manitoba,Manitoba,Limited,LimitÈe,,n,,n
2003,2003,MB,Manitoba,Manitoba,Limited,LimitÈe,,n,,n
2004,2004,MB,Manitoba,Manitoba,Limited,LimitÈe,,n,,n
2005,2005,MB,Manitoba,Manitoba,Limited,LimitÈe,,u,,u
2006,2006,MB,Manitoba,Manitoba,Limited,LimitÈe,0,a,0,a
2007,2007,MB,Manitoba,Manitoba,Limited,LimitÈe,,u,,u
2008,2008,MB,Manitoba,Manitoba,Limited,LimitÈe,,u,,u
2009,2009,MB,Manitoba,Manitoba,Limited,LimitÈe,,u,,u
2010,2010,MB,Manitoba,Manitoba,Limited,LimitÈe,,u,,u
2011,2011,MB,Manitoba,Manitoba,Limited,LimitÈe,,u,,u
2012,2012,MB,Manitoba,Manitoba,Limited,LimitÈe,,u,,u
2013,2013,MB,Manitoba,Manitoba,Limited,LimitÈe,,u,,u
2014,2014,MB,Manitoba,Manitoba,Limited,LimitÈe,,u,,u
2015,2015,MB,Manitoba,Manitoba,Limited,LimitÈe,,u,,u
2016,2016,MB,Manitoba,Manitoba,Limited,LimitÈe,,u,,u
2017,2017,MB,Manitoba,Manitoba,Limited,LimitÈe,,u,,u
2018,2018,MB,Manitoba,Manitoba,Limited,LimitÈe,,u,,u
2019,2019,MB,Manitoba,Manitoba,Limited,LimitÈe,,u,,u
1990,1990,SK,Saskatchewan,Saskatchewan,Limited,LimitÈe,,n,,n
1991,1991,SK,Saskatchewan,Saskatchewan,Limited,LimitÈe,,n,,n
1992,1992,SK,Saskatchewan,Saskatchewan,Limited,LimitÈe,,n,,n
1993,1993,SK,Saskatchewan,Saskatchewan,Limited,LimitÈe,,n,,n
1994,1994,SK,Saskatchewan,Saskatchewan,Limited,LimitÈe,,n,,n
1995,1995,SK,Saskatchewan,Saskatchewan,Limited,LimitÈe,,n,,n
1996,1996,SK,Saskatchewan,Saskatchewan,Limited,LimitÈe,,n,,n
1997,1997,SK,Saskatchewan,Saskatchewan,Limited,LimitÈe,,n,,n
1998,1998,SK,Saskatchewan,Saskatchewan,Limited,LimitÈe,,n,,n
1999,1999,SK,Saskatchewan,Saskatchewan,Limited,LimitÈe,,n,,n
2000,2000,SK,Saskatchewan,Saskatchewan,Limited,LimitÈe,,n,,n
2001,2001,SK,Saskatchewan,Saskatchewan,Limited,LimitÈe,,n,,n
2002,2002,SK,Saskatchewan,Saskatchewan,Limited,LimitÈe,,u,,u
2003,2003,SK,Saskatchewan,Saskatchewan,Limited,LimitÈe,,u,,u
2004,2004,SK,Saskatchewan,Saskatchewan,Limited,LimitÈe,,u,,u
2005,2005,SK,Saskatchewan,Saskatchewan,Limited,LimitÈe,,u,,u
2006,2006,SK,Saskatchewan,Saskatchewan,Limited,LimitÈe,,u,,u
2007,2007,SK,Saskatchewan,Saskatchewan,Limited,LimitÈe,,u,,u
2008,2008,SK,Saskatchewan,Saskatchewan,Limited,LimitÈe,,n,,n
2009,2009,SK,Saskatchewan,Saskatchewan,Limited,LimitÈe,,u,,u
2010,2010,SK,Saskatchewan,Saskatchewan,Limited,LimitÈe,,u,,u
2011,2011,SK,Saskatchewan,Saskatchewan,Limited,LimitÈe,,u,,u
2012,2012,SK,Saskatchewan,Saskatchewan,Limited,LimitÈe,,u,,u
2013,2013,SK,Saskatchewan,Saskatchewan,Limited,LimitÈe,,u,,u
2014,2014,SK,Saskatchewan,Saskatchewan,Limited,LimitÈe,,u,,u
2015,2015,SK,Saskatchewan,Saskatchewan,Limited,LimitÈe,,u,,u
2016,2016,SK,Saskatchewan,Saskatchewan,Limited,LimitÈe,,u,,u
2017,2017,SK,Saskatchewan,Saskatchewan,Limited,LimitÈe,,u,,u
2018,2018,SK,Saskatchewan,Saskatchewan,Limited,LimitÈe,,u,,u
2019,2019,SK,Saskatchewan,Saskatchewan,Limited,LimitÈe,,u,,u
1990,1990,AB,Alberta,Alberta,Limited,LimitÈe,,n,,n
1991,1991,AB,Alberta,Alberta,Limited,LimitÈe,,n,,n
1992,1992,AB,Alberta,Alberta,Limited,LimitÈe,,n,,n
1993,1993,AB,Alberta,Alberta,Limited,LimitÈe,,n,,n
1994,1994,AB,Alberta,Alberta,Limited,LimitÈe,,n,,n
1995,1995,AB,Alberta,Alberta,Limited,LimitÈe,,n,,n
1996,1996,AB,Alberta,Alberta,Limited,LimitÈe,,n,,n
1997,1997,AB,Alberta,Alberta,Limited,LimitÈe,,n,,n
1998,1998,AB,Alberta,Alberta,Limited,LimitÈe,,n,,n
1999,1999,AB,Alberta,Alberta,Limited,LimitÈe,,n,,n
2000,2000,AB,Alberta,Alberta,Limited,LimitÈe,,n,,n
2001,2001,AB,Alberta,Alberta,Limited,LimitÈe,,n,,n
2002,2002,AB,Alberta,Alberta,Limited,LimitÈe,,n,,n
2003,2003,AB,Alberta,Alberta,Limited,LimitÈe,,n,,n
2004,2004,AB,Alberta,Alberta,Limited,LimitÈe,,n,,n
2005,2005,AB,Alberta,Alberta,Limited,LimitÈe,,n,,n
2006,2006,AB,Alberta,Alberta,Limited,LimitÈe,,n,,n
2007,2007,AB,Alberta,Alberta,Limited,LimitÈe,,n,,n
2008,2008,AB,Alberta,Alberta,Limited,LimitÈe,,n,,n
2009,2009,AB,Alberta,Alberta,Limited,LimitÈe,,n,,n
2010,2010,AB,Alberta,Alberta,Limited,LimitÈe,,n,,n
2011,2011,AB,Alberta,Alberta,Limited,LimitÈe,,n,,n
2012,2012,AB,Alberta,Alberta,Limited,LimitÈe,,n,,n
2013,2013,AB,Alberta,Alberta,Limited,LimitÈe,,n,,n
2014,2014,AB,Alberta,Alberta,Limited,LimitÈe,,n,,n
2015,2015,AB,Alberta,Alberta,Limited,LimitÈe,,n,,n
2016,2016,AB,Alberta,Alberta,Limited,LimitÈe,,n,,n
2017,2017,AB,Alberta,Alberta,Limited,LimitÈe,,n,,n
2018,2018,AB,Alberta,Alberta,Limited,LimitÈe,,n,,n
2019,2019,AB,Alberta,Alberta,Limited,LimitÈe,,U,,U
1990,1990,BC,British Columbia,Colombie-Britannique,Limited,LimitÈe,,n,,n
1991,1991,BC,British Columbia,Colombie-Britannique,Limited,LimitÈe,,n,,n
1992,1992,BC,British Columbia,Colombie-Britannique,Limited,LimitÈe,,n,,n
1993,1993,BC,British Columbia,Colombie-Britannique,Limited,LimitÈe,,n,,n
1994,1994,BC,British Columbia,Colombie-Britannique,Limited,LimitÈe,,n,,n
1995,1995,BC,British Columbia,Colombie-Britannique,Limited,LimitÈe,,n,,n
1996,1996,BC,British Columbia,Colombie-Britannique,Limited,LimitÈe,,n,,n
1997,1997,BC,British Columbia,Colombie-Britannique,Limited,LimitÈe,,n,,n
1998,1998,BC,British Columbia,Colombie-Britannique,Limited,LimitÈe,,n,,n
1999,1999,BC,British Columbia,Colombie-Britannique,Limited,LimitÈe,,n,,n
2000,2000,BC,British Columbia,Colombie-Britannique,Limited,LimitÈe,,n,,n
2001,2001,BC,British Columbia,Colombie-Britannique,Limited,LimitÈe,,n,,n
2002,2002,BC,British Columbia,Colombie-Britannique,Limited,LimitÈe,,n,,n
2003,2003,BC,British Columbia,Colombie-Britannique,Limited,LimitÈe,,n,,n
2004,2004,BC,British Columbia,Colombie-Britannique,Limited,LimitÈe,,n,,n
2005,2005,BC,British Columbia,Colombie-Britannique,Limited,LimitÈe,,n,,n
2006,2006,BC,British Columbia,Colombie-Britannique,Limited,LimitÈe,,n,,n
2007,2007,BC,British Columbia,Colombie-Britannique,Limited,LimitÈe,,n,,n
2008,2008,BC,British Columbia,Colombie-Britannique,Limited,LimitÈe,,n,,n
2009,2009,BC,British Columbia,Colombie-Britannique,Limited,LimitÈe,,n,,n
2010,2010,BC,British Columbia,Colombie-Britannique,Limited,LimitÈe,,n,,n
2011,2011,BC,British Columbia,Colombie-Britannique,Limited,LimitÈe,,n,,n
2012,2012,BC,British Columbia,Colombie-Britannique,Limited,LimitÈe,,n,,n
2013,2013,BC,British Columbia,Colombie-Britannique,Limited,LimitÈe,,n,,n
2014,2014,BC,British Columbia,Colombie-Britannique,Limited,LimitÈe,,n,,n
2015,2015,BC,British Columbia,Colombie-Britannique,Limited,LimitÈe,,n,,n
2016,2016,BC,British Columbia,Colombie-Britannique,Limited,LimitÈe,,n,,n
2017,2017,BC,British Columbia,Colombie-Britannique,Limited,LimitÈe,,n,,n
2018,2018,BC,British Columbia,Colombie-Britannique,Limited,LimitÈe,,n,,n
2019,2019,BC,British Columbia,Colombie-Britannique,Limited,LimitÈe,,n,,n
1990,1990,YT,Yukon,Yukon,Limited,LimitÈe,,n,,n
1991,1991,YT,Yukon,Yukon,Limited,LimitÈe,,n,,n
1992,1992,YT,Yukon,Yukon,Limited,LimitÈe,,n,,n
1993,1993,YT,Yukon,Yukon,Limited,LimitÈe,,n,,n
1994,1994,YT,Yukon,Yukon,Limited,LimitÈe,,n,,n
1995,1995,YT,Yukon,Yukon,Limited,LimitÈe,,n,,n
1996,1996,YT,Yukon,Yukon,Limited,LimitÈe,,n,,n
1997,1997,YT,Yukon,Yukon,Limited,LimitÈe,,n,,n
1998,1998,YT,Yukon,Yukon,Limited,LimitÈe,,n,,n
1999,1999,YT,Yukon,Yukon,Limited,LimitÈe,,n,,n
2000,2000,YT,Yukon,Yukon,Limited,LimitÈe,,n,,n
2001,2001,YT,Yukon,Yukon,Limited,LimitÈe,,n,,n
2002,2002,YT,Yukon,Yukon,Limited,LimitÈe,,n,,n
2003,2003,YT,Yukon,Yukon,Limited,LimitÈe,,n,,n
2004,2004,YT,Yukon,Yukon,Limited,LimitÈe,,n,,n
2005,2005,YT,Yukon,Yukon,Limited,LimitÈe,,n,,n
2006,2006,YT,Yukon,Yukon,Limited,LimitÈe,,n,,n
2007,2007,YT,Yukon,Yukon,Limited,LimitÈe,,n,,n
2008,2008,YT,Yukon,Yukon,Limited,LimitÈe,,n,,n
2009,2009,YT,Yukon,Yukon,Limited,LimitÈe,,n,,n
2010,2010,YT,Yukon,Yukon,Limited,LimitÈe,,n,,n
2011,2011,YT,Yukon,Yukon,Limited,LimitÈe,,n,,n
2012,2012,YT,Yukon,Yukon,Limited,LimitÈe,,n,,n
2013,2013,YT,Yukon,Yukon,Limited,LimitÈe,,n,,n
2014,2014,YT,Yukon,Yukon,Limited,LimitÈe,,n,,n
2015,2015,YT,Yukon,Yukon,Limited,LimitÈe,0,e,0,e
2016,2016,YT,Yukon,Yukon,Limited,LimitÈe,0,e,0,e
2017,2017,YT,Yukon,Yukon,Limited,LimitÈe,0,e,0,e
2018,2018,YT,Yukon,Yukon,Limited,LimitÈe,,u,,u
2019,2019,YT,Yukon,Yukon,Limited,LimitÈe,,u,,u
1990,1990,NT,Northwest Territories,Territoires du Nord-Ouest,Limited,LimitÈe,,n,,n
1991,1991,NT,Northwest Territories,Territoires du Nord-Ouest,Limited,LimitÈe,,n,,n
1992,1992,NT,Northwest Territories,Territoires du Nord-Ouest,Limited,LimitÈe,,n,,n
1993,1993,NT,Northwest Territories,Territoires du Nord-Ouest,Limited,LimitÈe,,n,,n
1994,1994,NT,Northwest Territories,Territoires du Nord-Ouest,Limited,LimitÈe,,n,,n
1995,1995,NT,Northwest Territories,Territoires du Nord-Ouest,Limited,LimitÈe,,n,,n
1996,1996,NT,Northwest Territories,Territoires du Nord-Ouest,Limited,LimitÈe,,n,,n
1997,1997,NT,Northwest Territories,Territoires du Nord-Ouest,Limited,LimitÈe,,n,,n
1998,1998,NT,Northwest Territories,Territoires du Nord-Ouest,Limited,LimitÈe,,n,,n
1999,1999,NT,Northwest Territories,Territoires du Nord-Ouest,Limited,LimitÈe,,n,,n
2000,2000,NT,Northwest Territories,Territoires du Nord-Ouest,Limited,LimitÈe,,n,,n
2001,2001,NT,Northwest Territories,Territoires du Nord-Ouest,Limited,LimitÈe,,n,,n
2002,2002,NT,Northwest Territories,Territoires du Nord-Ouest,Limited,LimitÈe,,n,,n
2003,2003,NT,Northwest Territories,Territoires du Nord-Ouest,Limited,LimitÈe,,n,,n
2004,2004,NT,Northwest Territories,Territoires du Nord-Ouest,Limited,LimitÈe,,n,,n
2005,2005,NT,Northwest Territories,Territoires du Nord-Ouest,Limited,LimitÈe,,n,,n
2006,2006,NT,Northwest Territories,Territoires du Nord-Ouest,Limited,LimitÈe,,n,,n
2007,2007,NT,Northwest Territories,Territoires du Nord-Ouest,Limited,LimitÈe,,n,,n
2008,2008,NT,Northwest Territories,Territoires du Nord-Ouest,Limited,LimitÈe,,n,,n
2009,2009,NT,Northwest Territories,Territoires du Nord-Ouest,Limited,LimitÈe,,n,,n
2010,2010,NT,Northwest Territories,Territoires du Nord-Ouest,Limited,LimitÈe,,n,,n
2011,2011,NT,Northwest Territories,Territoires du Nord-Ouest,Limited,LimitÈe,,n,,n
2012,2012,NT,Northwest Territories,Territoires du Nord-Ouest,Limited,LimitÈe,,n,,n
2013,2013,NT,Northwest Territories,Territoires du Nord-Ouest,Limited,LimitÈe,,n,,n
2014,2014,NT,Northwest Territories,Territoires du Nord-Ouest,Limited,LimitÈe,,n,,n
2015,2015,NT,Northwest Territories,Territoires du Nord-Ouest,Limited,LimitÈe,,n,,n
2016,2016,NT,Northwest Territories,Territoires du Nord-Ouest,Limited,LimitÈe,,n,,n
2017,2017,NT,Northwest Territories,Territoires du Nord-Ouest,Limited,LimitÈe,,n,,n
2018,2018,NT,Northwest Territories,Territoires du Nord-Ouest,Limited,LimitÈe,,n,,n
2019,2019,NT,Northwest Territories,Territoires du Nord-Ouest,Limited,LimitÈe,0,a,0,a
2020,2020,NT,Northwest Territories,Territoires du Nord-Ouest,Limited,LimitÈe,0,a,0,a
1990,1990,NP,National parks,Parcs nationaux,Limited,LimitÈe,,u,,u
1991,1991,NP,National parks,Parcs nationaux,Limited,LimitÈe,,u,,u
1992,1992,NP,National parks,Parcs nationaux,Limited,LimitÈe,,u,,u
1993,1993,NP,National parks,Parcs nationaux,Limited,LimitÈe,,u,,u
1994,1994,NP,National parks,Parcs nationaux,Limited,LimitÈe,,u,,u
1995,1995,NP,National parks,Parcs nationaux,Limited,LimitÈe,,u,,u
1996,1996,NP,National parks,Parcs nationaux,Limited,LimitÈe,,n,,n
1997,1997,NP,National parks,Parcs nationaux,Limited,LimitÈe,,u,,u
1998,1998,NP,National parks,Parcs nationaux,Limited,LimitÈe,,u,,u
1999,1999,NP,National parks,Parcs nationaux,Limited,LimitÈe,,u,,u
2000,2000,NP,National parks,Parcs nationaux,Limited,LimitÈe,,u,,u
2001,2001,NP,National parks,Parcs nationaux,Limited,LimitÈe,,u,,u
2002,2002,NP,National parks,Parcs nationaux,Limited,LimitÈe,,u,,u
2003,2003,NP,National parks,Parcs nationaux,Limited,LimitÈe,,u,,u
2004,2004,NP,National parks,Parcs nationaux,Limited,LimitÈe,,u,,u
2005,2005,NP,National parks,Parcs nationaux,Limited,LimitÈe,,u,,u
2006,2006,NP,National parks,Parcs nationaux,Limited,LimitÈe,,u,,u
2007,2007,NP,National parks,Parcs nationaux,Limited,LimitÈe,,u,,u
2008,2008,NP,National parks,Parcs nationaux,Limited,LimitÈe,,u,,u
2009,2009,NP,National parks,Parcs nationaux,Limited,LimitÈe,,u,,u
2010,2010,NP,National parks,Parcs nationaux,Limited,LimitÈe,,u,,u
2011,2011,NP,National parks,Parcs nationaux,Limited,LimitÈe,,u,,u
2012,2012,NP,National parks,Parcs nationaux,Limited,LimitÈe,,u,,u
2013,2013,NP,National parks,Parcs nationaux,Limited,LimitÈe,,u,,u
2014,2014,NP,National parks,Parcs nationaux,Limited,LimitÈe,,u,,u
2015,2015,NP,National parks,Parcs nationaux,Limited,LimitÈe,,u,,u
2016,2016,NP,National parks,Parcs nationaux,Limited,LimitÈe,,u,,u
2017,2017,NP,National parks,Parcs nationaux,Limited,LimitÈe,,u,,u
2018,2018,NP,National parks,Parcs nationaux,Limited,LimitÈe,,u,,u
2019,2019,NP,National parks,Parcs nationaux,Limited,LimitÈe,,u,,u
1970,1970,AB,Alberta,Alberta,Limited,LimitÈe,,n,,n
1970,1970,AB,Alberta,Alberta,Intensive,Intensive,0,a,0,a
1970,1970,BC,British Columbia,Colombie-Britannique,Limited,LimitÈe,,n,,n
1970,1970,BC,British Columbia,Colombie-Britannique,Intensive,Intensive,344684,a,344684,a
1970,1970,MB,Manitoba,Manitoba,Limited,LimitÈe,,n,,n
1970,1970,MB,Manitoba,Manitoba,Intensive,Intensive,2002,a,2002,a
1970,1970,NP,National parks,Parcs nationaux,Limited,LimitÈe,,u,,u
1970,1970,NP,National parks,Parcs nationaux,Intensive,Intensive,,u,,u
1970,1970,NB,New Brunswick,Nouveau-Brunswick,Limited,LimitÈe,,n,,n
1970,1970,NB,New Brunswick,Nouveau-Brunswick,Intensive,Intensive,20280,a,20280,a
1970,1970,NL,Newfoundland and Labrador,Terre-Neuve-et-Labrador,Limited,LimitÈe,,u,,u
1970,1970,NL,Newfoundland and Labrador,Terre-Neuve-et-Labrador,Intensive,Intensive,0,a,0,a
1970,1970,NT,Northwest Territories,Territoires du Nord-Ouest,Limited,LimitÈe,,n,,n
1970,1970,NT,Northwest Territories,Territoires du Nord-Ouest,Intensive,Intensive,0,a,0,a
1970,1970,NS,Nova Scotia,Nouvelle-…cosse,Limited,LimitÈe,,n,,n
1970,1970,NS,Nova Scotia,Nouvelle-…cosse,Intensive,Intensive,0,a,0,a
1970,1970,ON,Ontario,Ontario,Limited,LimitÈe,,n,,n
1970,1970,ON,Ontario,Ontario,Intensive,Intensive,0,a,0,a
1970,1970,PE,Prince Edward Island,Œle-du-Prince-…douard,Limited,LimitÈe,,n,,n
1970,1970,PE,Prince Edward Island,Œle-du-Prince-…douard,Intensive,Intensive,0,a,0,a
1970,1970,QC,Quebec,QuÈbec,Limited,LimitÈe,,u,,u
1970,1970,QC,Quebec,QuÈbec,Intensive,Intensive,98336,a,98336,a
1970,1970,SK,Saskatchewan,Saskatchewan,Limited,LimitÈe,,n,,n
1970,1970,SK,Saskatchewan,Saskatchewan,Intensive,Intensive,0,a,0,a
1970,1970,YT,Yukon,Yukon,Limited,LimitÈe,,n,,n
1970,1970,YT,Yukon,Yukon,Intensive,Intensive,50,a,50,a
1971,1971,AB,Alberta,Alberta,Limited,LimitÈe,,n,,n
1971,1971,AB,Alberta,Alberta,Intensive,Intensive,0,a,0,a
1971,1971,BC,British Columbia,Colombie-Britannique,Limited,LimitÈe,,n,,n
1971,1971,BC,British Columbia,Colombie-Britannique,Intensive,Intensive,454027,a,454027,a
1971,1971,MB,Manitoba,Manitoba,Limited,LimitÈe,,n,,n
1971,1971,MB,Manitoba,Manitoba,Intensive,Intensive,2157,a,2157,a
1971,1971,NP,National parks,Parcs nationaux,Limited,LimitÈe,,u,,u
1971,1971,NP,National parks,Parcs nationaux,Intensive,Intensive,,u,,u
1971,1971,NB,New Brunswick,Nouveau-Brunswick,Limited,LimitÈe,,n,,n
1971,1971,NB,New Brunswick,Nouveau-Brunswick,Intensive,Intensive,40010,a,40010,a
1971,1971,NL,Newfoundland and Labrador,Terre-Neuve-et-Labrador,Limited,LimitÈe,,u,,u
1971,1971,NL,Newfoundland and Labrador,Terre-Neuve-et-Labrador,Intensive,Intensive,0,a,0,a
1971,1971,NT,Northwest Territories,Territoires du Nord-Ouest,Limited,LimitÈe,,n,,n
1971,1971,NT,Northwest Territories,Territoires du Nord-Ouest,Intensive,Intensive,0,a,0,a
1971,1971,NS,Nova Scotia,Nouvelle-…cosse,Limited,LimitÈe,,n,,n
1971,1971,NS,Nova Scotia,Nouvelle-…cosse,Intensive,Intensive,0,a,0,a
1971,1971,ON,Ontario,Ontario,Limited,LimitÈe,,n,,n
1971,1971,ON,Ontario,Ontario,Intensive,Intensive,75875,a,75875,a
1971,1971,PE,Prince Edward Island,Œle-du-Prince-…douard,Limited,LimitÈe,,n,,n
1971,1971,PE,Prince Edward Island,Œle-du-Prince-…douard,Intensive,Intensive,0,a,0,a
1971,1971,QC,Quebec,QuÈbec,Limited,LimitÈe,,u,,u
1971,1971,QC,Quebec,QuÈbec,Intensive,Intensive,309062,a,309062,a
1971,1971,SK,Saskatchewan,Saskatchewan,Limited,LimitÈe,,n,,n
1971,1971,SK,Saskatchewan,Saskatchewan,Intensive,Intensive,3500,a,3500,a
1971,1971,YT,Yukon,Yukon,Limited,LimitÈe,,n,,n
1971,1971,YT,Yukon,Yukon,Intensive,Intensive,2000,a,2000,a
1972,1972,AB,Alberta,Alberta,Limited,LimitÈe,,n,,n
1972,1972,AB,Alberta,Alberta,Intensive,Intensive,0,a,0,a
1972,1972,BC,British Columbia,Colombie-Britannique,Limited,LimitÈe,,n,,n
1972,1972,BC,British Columbia,Colombie-Britannique,Intensive,Intensive,190645,a,190645,a
1972,1972,MB,Manitoba,Manitoba,Limited,LimitÈe,,n,,n
1972,1972,MB,Manitoba,Manitoba,Intensive,Intensive,0,a,0,a
1972,1972,NP,National parks,Parcs nationaux,Limited,LimitÈe,,u,,u
1972,1972,NP,National parks,Parcs nationaux,Intensive,Intensive,,u,,u
1972,1972,NB,New Brunswick,Nouveau-Brunswick,Limited,LimitÈe,,n,,n
1972,1972,NB,New Brunswick,Nouveau-Brunswick,Intensive,Intensive,147800,a,147800,a
1972,1972,NL,Newfoundland and Labrador,Terre-Neuve-et-Labrador,Limited,LimitÈe,,u,,u
1972,1972,NL,Newfoundland and Labrador,Terre-Neuve-et-Labrador,Intensive,Intensive,0,a,0,a
1972,1972,NT,Northwest Territories,Territoires du Nord-Ouest,Limited,LimitÈe,,n,,n
1972,1972,NT,Northwest Territories,Territoires du Nord-Ouest,Intensive,Intensive,60350,a,60350,a
1972,1972,NS,Nova Scotia,Nouvelle-…cosse,Limited,LimitÈe,,n,,n
1972,1972,NS,Nova Scotia,Nouvelle-…cosse,Intensive,Intensive,0,a,0,a
1972,1972,ON,Ontario,Ontario,Limited,LimitÈe,,n,,n
1972,1972,ON,Ontario,Ontario,Intensive,Intensive,75875,a,75875,a
1972,1972,PE,Prince Edward Island,Œle-du-Prince-…douard,Limited,LimitÈe,,n,,n
1972,1972,PE,Prince Edward Island,Œle-du-Prince-…douard,Intensive,Intensive,0,a,0,a
1972,1972,QC,Quebec,QuÈbec,Limited,LimitÈe,,u,,u
1972,1972,QC,Quebec,QuÈbec,Intensive,Intensive,196257,a,196257,a
1972,1972,SK,Saskatchewan,Saskatchewan,Limited,LimitÈe,,n,,n
1972,1972,SK,Saskatchewan,Saskatchewan,Intensive,Intensive,0,a,0,a
1972,1972,YT,Yukon,Yukon,Limited,LimitÈe,,n,,n
1972,1972,YT,Yukon,Yukon,Intensive,Intensive,27695,a,27695,a
1973,1973,AB,Alberta,Alberta,Limited,LimitÈe,,n,,n
1973,1973,AB,Alberta,Alberta,Intensive,Intensive,0,a,0,a
1973,1973,BC,British Columbia,Colombie-Britannique,Limited,LimitÈe,,n,,n
1973,1973,BC,British Columbia,Colombie-Britannique,Intensive,Intensive,1202107,a,1202107,a
1973,1973,MB,Manitoba,Manitoba,Limited,LimitÈe,,n,,n
1973,1973,MB,Manitoba,Manitoba,Intensive,Intensive,0,a,0,a
1973,1973,NP,National parks,Parcs nationaux,Limited,LimitÈe,,u,,u
1973,1973,NP,National parks,Parcs nationaux,Intensive,Intensive,,u,,u
1973,1973,NB,New Brunswick,Nouveau-Brunswick,Limited,LimitÈe,,n,,n
1973,1973,NB,New Brunswick,Nouveau-Brunswick,Intensive,Intensive,10524,a,10524,a
1973,1973,NL,Newfoundland and Labrador,Terre-Neuve-et-Labrador,Limited,LimitÈe,,u,,u
1973,1973,NL,Newfoundland and Labrador,Terre-Neuve-et-Labrador,Intensive,Intensive,0,a,0,a
1973,1973,NT,Northwest Territories,Territoires du Nord-Ouest,Limited,LimitÈe,,n,,n
1973,1973,NT,Northwest Territories,Territoires du Nord-Ouest,Intensive,Intensive,48,a,48,a
1973,1973,NS,Nova Scotia,Nouvelle-…cosse,Limited,LimitÈe,,n,,n
1973,1973,NS,Nova Scotia,Nouvelle-…cosse,Intensive,Intensive,0,a,0,a
1973,1973,ON,Ontario,Ontario,Limited,LimitÈe,,n,,n
1973,1973,ON,Ontario,Ontario,Intensive,Intensive,47446,a,47446,a
1973,1973,PE,Prince Edward Island,Œle-du-Prince-…douard,Limited,LimitÈe,,n,,n
1973,1973,PE,Prince Edward Island,Œle-du-Prince-…douard,Intensive,Intensive,0,a,0,a
1973,1973,QC,Quebec,QuÈbec,Limited,LimitÈe,,u,,u
1973,1973,QC,Quebec,QuÈbec,Intensive,Intensive,867607,a,867607,a
1973,1973,SK,Saskatchewan,Saskatchewan,Limited,LimitÈe,,n,,n
1973,1973,SK,Saskatchewan,Saskatchewan,Intensive,Intensive,0,a,0,a
1973,1973,YT,Yukon,Yukon,Limited,LimitÈe,,n,,n
1973,1973,YT,Yukon,Yukon,Intensive,Intensive,16000,a,16000,a
1974,1974,AB,Alberta,Alberta,Limited,LimitÈe,,n,,n
1974,1974,AB,Alberta,Alberta,Intensive,Intensive,0,a,0,a
1974,1974,BC,British Columbia,Colombie-Britannique,Limited,LimitÈe,,n,,n
1974,1974,BC,British Columbia,Colombie-Britannique,Intensive,Intensive,103476,a,103476,a
1974,1974,MB,Manitoba,Manitoba,Limited,LimitÈe,,n,,n
1974,1974,MB,Manitoba,Manitoba,Intensive,Intensive,0,a,0,a
1974,1974,NP,National parks,Parcs nationaux,Limited,LimitÈe,,u,,u
1974,1974,NP,National parks,Parcs nationaux,Intensive,Intensive,,u,,u
1974,1974,NB,New Brunswick,Nouveau-Brunswick,Limited,LimitÈe,,n,,n
1974,1974,NB,New Brunswick,Nouveau-Brunswick,Intensive,Intensive,363038,a,363038,a
1974,1974,NL,Newfoundland and Labrador,Terre-Neuve-et-Labrador,Limited,LimitÈe,,u,,u
1974,1974,NL,Newfoundland and Labrador,Terre-Neuve-et-Labrador,Intensive,Intensive,0,a,0,a
1974,1974,NT,Northwest Territories,Territoires du Nord-Ouest,Limited,LimitÈe,,n,,n
1974,1974,NT,Northwest Territories,Territoires du Nord-Ouest,Intensive,Intensive,0,a,0,a
1974,1974,NS,Nova Scotia,Nouvelle-…cosse,Limited,LimitÈe,,n,,n
1974,1974,NS,Nova Scotia,Nouvelle-…cosse,Intensive,Intensive,0,a,0,a
1974,1974,ON,Ontario,Ontario,Limited,LimitÈe,,n,,n
1974,1974,ON,Ontario,Ontario,Intensive,Intensive,235833,a,235833,a
1974,1974,PE,Prince Edward Island,Œle-du-Prince-…douard,Limited,LimitÈe,,n,,n
1974,1974,PE,Prince Edward Island,Œle-du-Prince-…douard,Intensive,Intensive,0,a,0,a
1974,1974,QC,Quebec,QuÈbec,Limited,LimitÈe,,u,,u
1974,1974,QC,Quebec,QuÈbec,Intensive,Intensive,1368374,a,1368374,a
1974,1974,SK,Saskatchewan,Saskatchewan,Limited,LimitÈe,,n,,n
1974,1974,SK,Saskatchewan,Saskatchewan,Intensive,Intensive,0,a,0,a
1974,1974,YT,Yukon,Yukon,Limited,LimitÈe,,n,,n
1974,1974,YT,Yukon,Yukon,Intensive,Intensive,0,a,0,a
1975,1975,AB,Alberta,Alberta,Limited,LimitÈe,,n,,n
1975,1975,AB,Alberta,Alberta,Intensive,Intensive,0,a,0,a
1975,1975,BC,British Columbia,Colombie-Britannique,Limited,LimitÈe,,n,,n
1975,1975,BC,British Columbia,Colombie-Britannique,Intensive,Intensive,22371,a,22371,a
1975,1975,MB,Manitoba,Manitoba,Limited,LimitÈe,,n,,n
1975,1975,MB,Manitoba,Manitoba,Intensive,Intensive,0,a,0,a
1975,1975,NP,National parks,Parcs nationaux,Limited,LimitÈe,,u,,u
1975,1975,NP,National parks,Parcs nationaux,Intensive,Intensive,,u,,u
1975,1975,NB,New Brunswick,Nouveau-Brunswick,Limited,LimitÈe,,n,,n
1975,1975,NB,New Brunswick,Nouveau-Brunswick,Intensive,Intensive,633977,a,633977,a
1975,1975,NL,Newfoundland and Labrador,Terre-Neuve-et-Labrador,Limited,LimitÈe,,u,,u
1975,1975,NL,Newfoundland and Labrador,Terre-Neuve-et-Labrador,Intensive,Intensive,0,a,0,a
1975,1975,NT,Northwest Territories,Territoires du Nord-Ouest,Limited,LimitÈe,,n,,n
1975,1975,NT,Northwest Territories,Territoires du Nord-Ouest,Intensive,Intensive,0,a,0,a
1975,1975,NS,Nova Scotia,Nouvelle-…cosse,Limited,LimitÈe,,n,,n
1975,1975,NS,Nova Scotia,Nouvelle-…cosse,Intensive,Intensive,0,a,0,a
1975,1975,ON,Ontario,Ontario,Limited,LimitÈe,,n,,n
1975,1975,ON,Ontario,Ontario,Intensive,Intensive,317864,a,317864,a
1975,1975,PE,Prince Edward Island,Œle-du-Prince-…douard,Limited,LimitÈe,,n,,n
1975,1975,PE,Prince Edward Island,Œle-du-Prince-…douard,Intensive,Intensive,0,a,0,a
1975,1975,QC,Quebec,QuÈbec,Limited,LimitÈe,,u,,u
1975,1975,QC,Quebec,QuÈbec,Intensive,Intensive,585040,a,585040,a
1975,1975,SK,Saskatchewan,Saskatchewan,Limited,LimitÈe,,n,,n
1975,1975,SK,Saskatchewan,Saskatchewan,Intensive,Intensive,0,a,0,a
1975,1975,YT,Yukon,Yukon,Limited,LimitÈe,,n,,n
1975,1975,YT,Yukon,Yukon,Intensive,Intensive,0,a,0,a
1976,1976,AB,Alberta,Alberta,Limited,LimitÈe,,n,,n
1976,1976,AB,Alberta,Alberta,Intensive,Intensive,0,a,0,a
1976,1976,BC,British Columbia,Colombie-Britannique,Limited,LimitÈe,,n,,n
1976,1976,BC,British Columbia,Colombie-Britannique,Intensive,Intensive,29450,a,29450,a
1976,1976,MB,Manitoba,Manitoba,Limited,LimitÈe,,n,,n
1976,1976,MB,Manitoba,Manitoba,Intensive,Intensive,0,a,0,a
1976,1976,NP,National parks,Parcs nationaux,Limited,LimitÈe,,u,,u
1976,1976,NP,National parks,Parcs nationaux,Intensive,Intensive,,u,,u
1976,1976,NB,New Brunswick,Nouveau-Brunswick,Limited,LimitÈe,,n,,n
1976,1976,NB,New Brunswick,Nouveau-Brunswick,Intensive,Intensive,1466268,a,1466268,a
1976,1976,NL,Newfoundland and Labrador,Terre-Neuve-et-Labrador,Limited,LimitÈe,,u,,u
1976,1976,NL,Newfoundland and Labrador,Terre-Neuve-et-Labrador,Intensive,Intensive,0,a,0,a
1976,1976,NT,Northwest Territories,Territoires du Nord-Ouest,Limited,LimitÈe,,n,,n
1976,1976,NT,Northwest Territories,Territoires du Nord-Ouest,Intensive,Intensive,135000,a,135000,a
1976,1976,NS,Nova Scotia,Nouvelle-…cosse,Limited,LimitÈe,,n,,n
1976,1976,NS,Nova Scotia,Nouvelle-…cosse,Intensive,Intensive,0,a,0,a
1976,1976,ON,Ontario,Ontario,Limited,LimitÈe,,n,,n
1976,1976,ON,Ontario,Ontario,Intensive,Intensive,763235,a,763235,a
1976,1976,PE,Prince Edward Island,Œle-du-Prince-…douard,Limited,LimitÈe,,n,,n
1976,1976,PE,Prince Edward Island,Œle-du-Prince-…douard,Intensive,Intensive,0,a,0,a
1976,1976,QC,Quebec,QuÈbec,Limited,LimitÈe,,u,,u
1976,1976,QC,Quebec,QuÈbec,Intensive,Intensive,140997,a,140997,a
1976,1976,SK,Saskatchewan,Saskatchewan,Limited,LimitÈe,,n,,n
1976,1976,SK,Saskatchewan,Saskatchewan,Intensive,Intensive,0,a,0,a
1976,1976,YT,Yukon,Yukon,Limited,LimitÈe,,n,,n
1976,1976,YT,Yukon,Yukon,Intensive,Intensive,0,a,0,a
1977,1977,AB,Alberta,Alberta,Limited,LimitÈe,,n,,n
1977,1977,AB,Alberta,Alberta,Intensive,Intensive,0,a,0,a
1977,1977,BC,British Columbia,Colombie-Britannique,Limited,LimitÈe,,n,,n
1977,1977,BC,British Columbia,Colombie-Britannique,Intensive,Intensive,173537,a,173537,a
1977,1977,MB,Manitoba,Manitoba,Limited,LimitÈe,,n,,n
1977,1977,MB,Manitoba,Manitoba,Intensive,Intensive,0,a,0,a
1977,1977,NP,National parks,Parcs nationaux,Limited,LimitÈe,,u,,u
1977,1977,NP,National parks,Parcs nationaux,Intensive,Intensive,,u,,u
1977,1977,NB,New Brunswick,Nouveau-Brunswick,Limited,LimitÈe,,n,,n
1977,1977,NB,New Brunswick,Nouveau-Brunswick,Intensive,Intensive,4254243,a,4254243,a
1977,1977,NL,Newfoundland and Labrador,Terre-Neuve-et-Labrador,Limited,LimitÈe,,u,,u
1977,1977,NL,Newfoundland and Labrador,Terre-Neuve-et-Labrador,Intensive,Intensive,0,a,0,a
1977,1977,NT,Northwest Territories,Territoires du Nord-Ouest,Limited,LimitÈe,,n,,n
1977,1977,NT,Northwest Territories,Territoires du Nord-Ouest,Intensive,Intensive,7700,a,7700,a
1977,1977,NS,Nova Scotia,Nouvelle-…cosse,Limited,LimitÈe,,n,,n
1977,1977,NS,Nova Scotia,Nouvelle-…cosse,Intensive,Intensive,0,a,0,a
1977,1977,ON,Ontario,Ontario,Limited,LimitÈe,,n,,n
1977,1977,ON,Ontario,Ontario,Intensive,Intensive,165421,a,165421,a
1977,1977,PE,Prince Edward Island,Œle-du-Prince-…douard,Limited,LimitÈe,,n,,n
1977,1977,PE,Prince Edward Island,Œle-du-Prince-…douard,Intensive,Intensive,0,a,0,a
1977,1977,QC,Quebec,QuÈbec,Limited,LimitÈe,,u,,u
1977,1977,QC,Quebec,QuÈbec,Intensive,Intensive,633079,a,633079,a
1977,1977,SK,Saskatchewan,Saskatchewan,Limited,LimitÈe,,n,,n
1977,1977,SK,Saskatchewan,Saskatchewan,Intensive,Intensive,110000,a,110000,a
1977,1977,YT,Yukon,Yukon,Limited,LimitÈe,,n,,n
1977,1977,YT,Yukon,Yukon,Intensive,Intensive,0,a,0,a
1978,1978,AB,Alberta,Alberta,Limited,LimitÈe,,n,,n
1978,1978,AB,Alberta,Alberta,Intensive,Intensive,0,a,0,a
1978,1978,BC,British Columbia,Colombie-Britannique,Limited,LimitÈe,,n,,n
1978,1978,BC,British Columbia,Colombie-Britannique,Intensive,Intensive,935334,a,935334,a
1978,1978,MB,Manitoba,Manitoba,Limited,LimitÈe,,n,,n
1978,1978,MB,Manitoba,Manitoba,Intensive,Intensive,0,a,0,a
1978,1978,NP,National parks,Parcs nationaux,Limited,LimitÈe,,u,,u
1978,1978,NP,National parks,Parcs nationaux,Intensive,Intensive,,u,,u
1978,1978,NB,New Brunswick,Nouveau-Brunswick,Limited,LimitÈe,,n,,n
1978,1978,NB,New Brunswick,Nouveau-Brunswick,Intensive,Intensive,1224535,a,1224535,a
1978,1978,NL,Newfoundland and Labrador,Terre-Neuve-et-Labrador,Limited,LimitÈe,,u,,u
1978,1978,NL,Newfoundland and Labrador,Terre-Neuve-et-Labrador,Intensive,Intensive,0,a,0,a
1978,1978,NT,Northwest Territories,Territoires du Nord-Ouest,Limited,LimitÈe,,n,,n
1978,1978,NT,Northwest Territories,Territoires du Nord-Ouest,Intensive,Intensive,4500,a,4500,a
1978,1978,NS,Nova Scotia,Nouvelle-…cosse,Limited,LimitÈe,,n,,n
1978,1978,NS,Nova Scotia,Nouvelle-…cosse,Intensive,Intensive,0,a,0,a
1978,1978,ON,Ontario,Ontario,Limited,LimitÈe,,n,,n
1978,1978,ON,Ontario,Ontario,Intensive,Intensive,125536,a,125536,a
1978,1978,PE,Prince Edward Island,Œle-du-Prince-…douard,Limited,LimitÈe,,n,,n
1978,1978,PE,Prince Edward Island,Œle-du-Prince-…douard,Intensive,Intensive,0,a,0,a
1978,1978,QC,Quebec,QuÈbec,Limited,LimitÈe,,u,,u
1978,1978,QC,Quebec,QuÈbec,Intensive,Intensive,457976,a,457976,a
1978,1978,SK,Saskatchewan,Saskatchewan,Limited,LimitÈe,,n,,n
1978,1978,SK,Saskatchewan,Saskatchewan,Intensive,Intensive,0,a,0,a
1978,1978,YT,Yukon,Yukon,Limited,LimitÈe,,n,,n
1978,1978,YT,Yukon,Yukon,Intensive,Intensive,0,a,0,a
1979,1979,AB,Alberta,Alberta,Limited,LimitÈe,,n,,n
1979,1979,AB,Alberta,Alberta,Intensive,Intensive,0,a,0,a
1979,1979,BC,British Columbia,Colombie-Britannique,Limited,LimitÈe,,n,,n
1979,1979,BC,British Columbia,Colombie-Britannique,Intensive,Intensive,3035414,a,3035414,a
1979,1979,MB,Manitoba,Manitoba,Limited,LimitÈe,,n,,n
1979,1979,MB,Manitoba,Manitoba,Intensive,Intensive,50000,a,50000,a
1979,1979,NP,National parks,Parcs nationaux,Limited,LimitÈe,,u,,u
1979,1979,NP,National parks,Parcs nationaux,Intensive,Intensive,,u,,u
1979,1979,NB,New Brunswick,Nouveau-Brunswick,Limited,LimitÈe,,n,,n
1979,1979,NB,New Brunswick,Nouveau-Brunswick,Intensive,Intensive,2470318,a,2470318,a
1979,1979,NL,Newfoundland and Labrador,Terre-Neuve-et-Labrador,Limited,LimitÈe,,u,,u
1979,1979,NL,Newfoundland and Labrador,Terre-Neuve-et-Labrador,Intensive,Intensive,300000,a,300000,a
1979,1979,NT,Northwest Territories,Territoires du Nord-Ouest,Limited,LimitÈe,,n,,n
1979,1979,NT,Northwest Territories,Territoires du Nord-Ouest,Intensive,Intensive,0,a,0,a
1979,1979,NS,Nova Scotia,Nouvelle-…cosse,Limited,LimitÈe,,n,,n
1979,1979,NS,Nova Scotia,Nouvelle-…cosse,Intensive,Intensive,0,a,0,a
1979,1979,ON,Ontario,Ontario,Limited,LimitÈe,,n,,n
1979,1979,ON,Ontario,Ontario,Intensive,Intensive,42606,a,42606,a
1979,1979,PE,Prince Edward Island,Œle-du-Prince-…douard,Limited,LimitÈe,,n,,n
1979,1979,PE,Prince Edward Island,Œle-du-Prince-…douard,Intensive,Intensive,0,a,0,a
1979,1979,QC,Quebec,QuÈbec,Limited,LimitÈe,,u,,u
1979,1979,QC,Quebec,QuÈbec,Intensive,Intensive,132231,a,132231,a
1979,1979,SK,Saskatchewan,Saskatchewan,Limited,LimitÈe,,n,,n
1979,1979,SK,Saskatchewan,Saskatchewan,Intensive,Intensive,251000,a,251000,a
1979,1979,YT,Yukon,Yukon,Limited,LimitÈe,,n,,n
1979,1979,YT,Yukon,Yukon,Intensive,Intensive,0,a,0,a
1980,1980,AB,Alberta,Alberta,Limited,LimitÈe,,n,,n
1980,1980,AB,Alberta,Alberta,Intensive,Intensive,0,a,0,a
1980,1980,BC,British Columbia,Colombie-Britannique,Limited,LimitÈe,,n,,n
1980,1980,BC,British Columbia,Colombie-Britannique,Intensive,Intensive,599758,a,599758,a
1980,1980,MB,Manitoba,Manitoba,Limited,LimitÈe,,n,,n
1980,1980,MB,Manitoba,Manitoba,Intensive,Intensive,10000,a,10000,a
1980,1980,NP,National parks,Parcs nationaux,Limited,LimitÈe,,u,,u
1980,1980,NP,National parks,Parcs nationaux,Intensive,Intensive,,u,,u
1980,1980,NB,New Brunswick,Nouveau-Brunswick,Limited,LimitÈe,,n,,n
1980,1980,NB,New Brunswick,Nouveau-Brunswick,Intensive,Intensive,629465,a,629465,a
1980,1980,NL,Newfoundland and Labrador,Terre-Neuve-et-Labrador,Limited,LimitÈe,,u,,u
1980,1980,NL,Newfoundland and Labrador,Terre-Neuve-et-Labrador,Intensive,Intensive,0,a,0,a
1980,1980,NT,Northwest Territories,Territoires du Nord-Ouest,Limited,LimitÈe,,n,,n
1980,1980,NT,Northwest Territories,Territoires du Nord-Ouest,Intensive,Intensive,0,a,0,a
1980,1980,NS,Nova Scotia,Nouvelle-…cosse,Limited,LimitÈe,,n,,n
1980,1980,NS,Nova Scotia,Nouvelle-…cosse,Intensive,Intensive,0,a,0,a
1980,1980,ON,Ontario,Ontario,Limited,LimitÈe,,n,,n
1980,1980,ON,Ontario,Ontario,Intensive,Intensive,2625851,a,2625851,a
1980,1980,PE,Prince Edward Island,Œle-du-Prince-…douard,Limited,LimitÈe,,n,,n
1980,1980,PE,Prince Edward Island,Œle-du-Prince-…douard,Intensive,Intensive,0,a,0,a
1980,1980,QC,Quebec,QuÈbec,Limited,LimitÈe,,u,,u
1980,1980,QC,Quebec,QuÈbec,Intensive,Intensive,366440,a,366440,a
1980,1980,SK,Saskatchewan,Saskatchewan,Limited,LimitÈe,,n,,n
1980,1980,SK,Saskatchewan,Saskatchewan,Intensive,Intensive,317000,a,317000,a
1980,1980,YT,Yukon,Yukon,Limited,LimitÈe,,n,,n
1980,1980,YT,Yukon,Yukon,Intensive,Intensive,0,a,0,a
1981,1981,AB,Alberta,Alberta,Limited,LimitÈe,,n,,n
1981,1981,AB,Alberta,Alberta,Intensive,Intensive,0,a,0,a
1981,1981,BC,British Columbia,Colombie-Britannique,Limited,LimitÈe,,n,,n
1981,1981,BC,British Columbia,Colombie-Britannique,Intensive,Intensive,1294524,a,1294524,a
1981,1981,MB,Manitoba,Manitoba,Limited,LimitÈe,,n,,n
1981,1981,MB,Manitoba,Manitoba,Intensive,Intensive,13000,a,13000,a
1981,1981,NP,National parks,Parcs nationaux,Limited,LimitÈe,,u,,u
1981,1981,NP,National parks,Parcs nationaux,Intensive,Intensive,,u,,u
1981,1981,NB,New Brunswick,Nouveau-Brunswick,Limited,LimitÈe,,n,,n
1981,1981,NB,New Brunswick,Nouveau-Brunswick,Intensive,Intensive,269464,a,269464,a
1981,1981,NL,Newfoundland and Labrador,Terre-Neuve-et-Labrador,Limited,LimitÈe,,u,,u
1981,1981,NL,Newfoundland and Labrador,Terre-Neuve-et-Labrador,Intensive,Intensive,0,a,0,a
1981,1981,NT,Northwest Territories,Territoires du Nord-Ouest,Limited,LimitÈe,,n,,n
1981,1981,NT,Northwest Territories,Territoires du Nord-Ouest,Intensive,Intensive,0,a,0,a
1981,1981,NS,Nova Scotia,Nouvelle-…cosse,Limited,LimitÈe,,n,,n
1981,1981,NS,Nova Scotia,Nouvelle-…cosse,Intensive,Intensive,0,a,0,a
1981,1981,ON,Ontario,Ontario,Limited,LimitÈe,,n,,n
1981,1981,ON,Ontario,Ontario,Intensive,Intensive,60906,a,60906,a
1981,1981,PE,Prince Edward Island,Œle-du-Prince-…douard,Limited,LimitÈe,,n,,n
1981,1981,PE,Prince Edward Island,Œle-du-Prince-…douard,Intensive,Intensive,0,a,0,a
1981,1981,QC,Quebec,QuÈbec,Limited,LimitÈe,,u,,u
1981,1981,QC,Quebec,QuÈbec,Intensive,Intensive,77779,a,77779,a
1981,1981,SK,Saskatchewan,Saskatchewan,Limited,LimitÈe,,n,,n
1981,1981,SK,Saskatchewan,Saskatchewan,Intensive,Intensive,0,a,0,a
1981,1981,YT,Yukon,Yukon,Limited,LimitÈe,,n,,n
1981,1981,YT,Yukon,Yukon,Intensive,Intensive,0,a,0,a
1982,1982,AB,Alberta,Alberta,Limited,LimitÈe,,n,,n
1982,1982,AB,Alberta,Alberta,Intensive,Intensive,0,a,0,a
1982,1982,BC,British Columbia,Colombie-Britannique,Limited,LimitÈe,,n,,n
1982,1982,BC,British Columbia,Colombie-Britannique,Intensive,Intensive,2671804,a,2671804,a
1982,1982,MB,Manitoba,Manitoba,Limited,LimitÈe,,n,,n
1982,1982,MB,Manitoba,Manitoba,Intensive,Intensive,5000,a,5000,a
1982,1982,NP,National parks,Parcs nationaux,Limited,LimitÈe,,u,,u
1982,1982,NP,National parks,Parcs nationaux,Intensive,Intensive,,u,,u
1982,1982,NB,New Brunswick,Nouveau-Brunswick,Limited,LimitÈe,,n,,n
1982,1982,NB,New Brunswick,Nouveau-Brunswick,Intensive,Intensive,2173334,a,2173334,a
1982,1982,NL,Newfoundland and Labrador,Terre-Neuve-et-Labrador,Limited,LimitÈe,,u,,u
1982,1982,NL,Newfoundland and Labrador,Terre-Neuve-et-Labrador,Intensive,Intensive,0,a,0,a
1982,1982,NT,Northwest Territories,Territoires du Nord-Ouest,Limited,LimitÈe,,n,,n
1982,1982,NT,Northwest Territories,Territoires du Nord-Ouest,Intensive,Intensive,0,a,0,a
1982,1982,NS,Nova Scotia,Nouvelle-…cosse,Limited,LimitÈe,,n,,n
1982,1982,NS,Nova Scotia,Nouvelle-…cosse,Intensive,Intensive,0,a,0,a
1982,1982,ON,Ontario,Ontario,Limited,LimitÈe,,n,,n
1982,1982,ON,Ontario,Ontario,Intensive,Intensive,71068,a,71068,a
1982,1982,PE,Prince Edward Island,Œle-du-Prince-…douard,Limited,LimitÈe,,n,,n
1982,1982,PE,Prince Edward Island,Œle-du-Prince-…douard,Intensive,Intensive,0,a,0,a
1982,1982,QC,Quebec,QuÈbec,Limited,LimitÈe,,u,,u
1982,1982,QC,Quebec,QuÈbec,Intensive,Intensive,57528,a,57528,a
1982,1982,SK,Saskatchewan,Saskatchewan,Limited,LimitÈe,,n,,n
1982,1982,SK,Saskatchewan,Saskatchewan,Intensive,Intensive,0,a,0,a
1982,1982,YT,Yukon,Yukon,Limited,LimitÈe,,n,,n
1982,1982,YT,Yukon,Yukon,Intensive,Intensive,0,a,0,a
1983,1983,AB,Alberta,Alberta,Limited,LimitÈe,,n,,n
1983,1983,AB,Alberta,Alberta,Intensive,Intensive,0,a,0,a
1983,1983,BC,British Columbia,Colombie-Britannique,Limited,LimitÈe,,n,,n
1983,1983,BC,British Columbia,Colombie-Britannique,Intensive,Intensive,1197373,a,1197373,a
1983,1983,MB,Manitoba,Manitoba,Limited,LimitÈe,,n,,n
1983,1983,MB,Manitoba,Manitoba,Intensive,Intensive,10000,a,10000,a
1983,1983,NP,National parks,Parcs nationaux,Limited,LimitÈe,,u,,u
1983,1983,NP,National parks,Parcs nationaux,Intensive,Intensive,,u,,u
1983,1983,NB,New Brunswick,Nouveau-Brunswick,Limited,LimitÈe,,n,,n
1983,1983,NB,New Brunswick,Nouveau-Brunswick,Intensive,Intensive,1737162,a,1737162,a
1983,1983,NL,Newfoundland and Labrador,Terre-Neuve-et-Labrador,Limited,LimitÈe,,u,,u
1983,1983,NL,Newfoundland and Labrador,Terre-Neuve-et-Labrador,Intensive,Intensive,0,a,0,a
1983,1983,NT,Northwest Territories,Territoires du Nord-Ouest,Limited,LimitÈe,,n,,n
1983,1983,NT,Northwest Territories,Territoires du Nord-Ouest,Intensive,Intensive,0,a,0,a
1983,1983,NS,Nova Scotia,Nouvelle-…cosse,Limited,LimitÈe,,n,,n
1983,1983,NS,Nova Scotia,Nouvelle-…cosse,Intensive,Intensive,0,a,0,a
1983,1983,ON,Ontario,Ontario,Limited,LimitÈe,,n,,n
1983,1983,ON,Ontario,Ontario,Intensive,Intensive,352210,a,352210,a
1983,1983,PE,Prince Edward Island,Œle-du-Prince-…douard,Limited,LimitÈe,,n,,n
1983,1983,PE,Prince Edward Island,Œle-du-Prince-…douard,Intensive,Intensive,1170,a,1170,a
1983,1983,QC,Quebec,QuÈbec,Limited,LimitÈe,,u,,u
1983,1983,QC,Quebec,QuÈbec,Intensive,Intensive,5004638,a,5004638,a
1983,1983,SK,Saskatchewan,Saskatchewan,Limited,LimitÈe,,n,,n
1983,1983,SK,Saskatchewan,Saskatchewan,Intensive,Intensive,0,a,0,a
1983,1983,YT,Yukon,Yukon,Limited,LimitÈe,,n,,n
1983,1983,YT,Yukon,Yukon,Intensive,Intensive,0,a,0,a
1984,1984,AB,Alberta,Alberta,Limited,LimitÈe,,n,,n
1984,1984,AB,Alberta,Alberta,Intensive,Intensive,0,a,0,a
1984,1984,BC,British Columbia,Colombie-Britannique,Limited,LimitÈe,,n,,n
1984,1984,BC,British Columbia,Colombie-Britannique,Intensive,Intensive,2097992,a,2097992,a
1984,1984,MB,Manitoba,Manitoba,Limited,LimitÈe,,n,,n
1984,1984,MB,Manitoba,Manitoba,Intensive,Intensive,50000,a,50000,a
1984,1984,NP,National parks,Parcs nationaux,Limited,LimitÈe,,u,,u
1984,1984,NP,National parks,Parcs nationaux,Intensive,Intensive,,u,,u
1984,1984,NB,New Brunswick,Nouveau-Brunswick,Limited,LimitÈe,,n,,n
1984,1984,NB,New Brunswick,Nouveau-Brunswick,Intensive,Intensive,22143,a,22143,a
1984,1984,NL,Newfoundland and Labrador,Terre-Neuve-et-Labrador,Limited,LimitÈe,,u,,u
1984,1984,NL,Newfoundland and Labrador,Terre-Neuve-et-Labrador,Intensive,Intensive,0,a,0,a
1984,1984,NT,Northwest Territories,Territoires du Nord-Ouest,Limited,LimitÈe,,n,,n
1984,1984,NT,Northwest Territories,Territoires du Nord-Ouest,Intensive,Intensive,0,a,0,a
1984,1984,NS,Nova Scotia,Nouvelle-…cosse,Limited,LimitÈe,,n,,n
1984,1984,NS,Nova Scotia,Nouvelle-…cosse,Intensive,Intensive,0,a,0,a
1984,1984,ON,Ontario,Ontario,Limited,LimitÈe,,n,,n
1984,1984,ON,Ontario,Ontario,Intensive,Intensive,652985,a,652985,a
1984,1984,PE,Prince Edward Island,Œle-du-Prince-…douard,Limited,LimitÈe,,n,,n
1984,1984,PE,Prince Edward Island,Œle-du-Prince-…douard,Intensive,Intensive,0,a,0,a
1984,1984,QC,Quebec,QuÈbec,Limited,LimitÈe,,u,,u
1984,1984,QC,Quebec,QuÈbec,Intensive,Intensive,60210,a,60210,a
1984,1984,SK,Saskatchewan,Saskatchewan,Limited,LimitÈe,,n,,n
1984,1984,SK,Saskatchewan,Saskatchewan,Intensive,Intensive,416943,a,416943,a
1984,1984,YT,Yukon,Yukon,Limited,LimitÈe,,n,,n
1984,1984,YT,Yukon,Yukon,Intensive,Intensive,0,a,0,a
1985,1985,AB,Alberta,Alberta,Limited,LimitÈe,,n,,n
1985,1985,AB,Alberta,Alberta,Intensive,Intensive,0,a,0,a
1985,1985,BC,British Columbia,Colombie-Britannique,Limited,LimitÈe,,n,,n
1985,1985,BC,British Columbia,Colombie-Britannique,Intensive,Intensive,3880678,a,3880678,a
1985,1985,MB,Manitoba,Manitoba,Limited,LimitÈe,,n,,n
1985,1985,MB,Manitoba,Manitoba,Intensive,Intensive,30000,a,30000,a
1985,1985,NP,National parks,Parcs nationaux,Limited,LimitÈe,,u,,u
1985,1985,NP,National parks,Parcs nationaux,Intensive,Intensive,,u,,u
1985,1985,NB,New Brunswick,Nouveau-Brunswick,Limited,LimitÈe,,n,,n
1985,1985,NB,New Brunswick,Nouveau-Brunswick,Intensive,Intensive,1344680,a,1344680,a
1985,1985,NL,Newfoundland and Labrador,Terre-Neuve-et-Labrador,Limited,LimitÈe,,u,,u
1985,1985,NL,Newfoundland and Labrador,Terre-Neuve-et-Labrador,Intensive,Intensive,175000,a,175000,a
1985,1985,NT,Northwest Territories,Territoires du Nord-Ouest,Limited,LimitÈe,,n,,n
1985,1985,NT,Northwest Territories,Territoires du Nord-Ouest,Intensive,Intensive,0,a,0,a
1985,1985,NS,Nova Scotia,Nouvelle-…cosse,Limited,LimitÈe,,n,,n
1985,1985,NS,Nova Scotia,Nouvelle-…cosse,Intensive,Intensive,0,a,0,a
1985,1985,ON,Ontario,Ontario,Limited,LimitÈe,,n,,n
1985,1985,ON,Ontario,Ontario,Intensive,Intensive,319329,a,319329,a
1985,1985,PE,Prince Edward Island,Œle-du-Prince-…douard,Limited,LimitÈe,,n,,n
1985,1985,PE,Prince Edward Island,Œle-du-Prince-…douard,Intensive,Intensive,1700,a,1700,a
1985,1985,QC,Quebec,QuÈbec,Limited,LimitÈe,,u,,u
1985,1985,QC,Quebec,QuÈbec,Intensive,Intensive,78925,a,78925,a
1985,1985,SK,Saskatchewan,Saskatchewan,Limited,LimitÈe,,n,,n
1985,1985,SK,Saskatchewan,Saskatchewan,Intensive,Intensive,123124,a,123124,a
1985,1985,YT,Yukon,Yukon,Limited,LimitÈe,,n,,n
1985,1985,YT,Yukon,Yukon,Intensive,Intensive,1000,a,1000,a
1986,1986,AB,Alberta,Alberta,Limited,LimitÈe,,n,,n
1986,1986,AB,Alberta,Alberta,Intensive,Intensive,0,a,0,a
1986,1986,BC,British Columbia,Colombie-Britannique,Limited,LimitÈe,,n,,n
1986,1986,BC,British Columbia,Colombie-Britannique,Intensive,Intensive,1031838,a,1031838,a
1986,1986,MB,Manitoba,Manitoba,Limited,LimitÈe,,n,,n
1986,1986,MB,Manitoba,Manitoba,Intensive,Intensive,0,a,0,a
1986,1986,NP,National parks,Parcs nationaux,Limited,LimitÈe,,u,,u
1986,1986,NP,National parks,Parcs nationaux,Intensive,Intensive,,u,,u
1986,1986,NB,New Brunswick,Nouveau-Brunswick,Limited,LimitÈe,,n,,n
1986,1986,NB,New Brunswick,Nouveau-Brunswick,Intensive,Intensive,884275,a,884275,a
1986,1986,NL,Newfoundland and Labrador,Terre-Neuve-et-Labrador,Limited,LimitÈe,,u,,u
1986,1986,NL,Newfoundland and Labrador,Terre-Neuve-et-Labrador,Intensive,Intensive,0,a,0,a
1986,1986,NT,Northwest Territories,Territoires du Nord-Ouest,Limited,LimitÈe,,n,,n
1986,1986,NT,Northwest Territories,Territoires du Nord-Ouest,Intensive,Intensive,0,a,0,a
1986,1986,NS,Nova Scotia,Nouvelle-…cosse,Limited,LimitÈe,,n,,n
1986,1986,NS,Nova Scotia,Nouvelle-…cosse,Intensive,Intensive,0,a,0,a
1986,1986,ON,Ontario,Ontario,Limited,LimitÈe,,n,,n
1986,1986,ON,Ontario,Ontario,Intensive,Intensive,525234,a,525234,a
1986,1986,PE,Prince Edward Island,Œle-du-Prince-…douard,Limited,LimitÈe,,n,,n
1986,1986,PE,Prince Edward Island,Œle-du-Prince-…douard,Intensive,Intensive,151000,a,151000,a
1986,1986,QC,Quebec,QuÈbec,Limited,LimitÈe,,u,,u
1986,1986,QC,Quebec,QuÈbec,Intensive,Intensive,86535,a,86535,a
1986,1986,SK,Saskatchewan,Saskatchewan,Limited,LimitÈe,,n,,n
1986,1986,SK,Saskatchewan,Saskatchewan,Intensive,Intensive,199815,a,199815,a
1986,1986,YT,Yukon,Yukon,Limited,LimitÈe,,n,,n
1986,1986,YT,Yukon,Yukon,Intensive,Intensive,7800,a,7800,a
1987,1987,AB,Alberta,Alberta,Limited,LimitÈe,,n,,n
1987,1987,AB,Alberta,Alberta,Intensive,Intensive,0,a,0,a
1987,1987,BC,British Columbia,Colombie-Britannique,Limited,LimitÈe,,n,,n
1987,1987,BC,British Columbia,Colombie-Britannique,Intensive,Intensive,866651,a,866651,a
1987,1987,MB,Manitoba,Manitoba,Limited,LimitÈe,,n,,n
1987,1987,MB,Manitoba,Manitoba,Intensive,Intensive,3140000,a,3140000,a
1987,1987,NP,National parks,Parcs nationaux,Limited,LimitÈe,,u,,u
1987,1987,NP,National parks,Parcs nationaux,Intensive,Intensive,,u,,u
1987,1987,NB,New Brunswick,Nouveau-Brunswick,Limited,LimitÈe,,n,,n
1987,1987,NB,New Brunswick,Nouveau-Brunswick,Intensive,Intensive,1049203,a,1049203,a
1987,1987,NL,Newfoundland and Labrador,Terre-Neuve-et-Labrador,Limited,LimitÈe,,u,,u
1987,1987,NL,Newfoundland and Labrador,Terre-Neuve-et-Labrador,Intensive,Intensive,12000,a,12000,a
1987,1987,NT,Northwest Territories,Territoires du Nord-Ouest,Limited,LimitÈe,,n,,n
1987,1987,NT,Northwest Territories,Territoires du Nord-Ouest,Intensive,Intensive,38000,a,38000,a
1987,1987,NS,Nova Scotia,Nouvelle-…cosse,Limited,LimitÈe,,n,,n
1987,1987,NS,Nova Scotia,Nouvelle-…cosse,Intensive,Intensive,0,a,0,a
1987,1987,ON,Ontario,Ontario,Limited,LimitÈe,,n,,n
1987,1987,ON,Ontario,Ontario,Intensive,Intensive,419209,a,419209,a
1987,1987,PE,Prince Edward Island,Œle-du-Prince-…douard,Limited,LimitÈe,,n,,n
1987,1987,PE,Prince Edward Island,Œle-du-Prince-…douard,Intensive,Intensive,5000,a,5000,a
1987,1987,QC,Quebec,QuÈbec,Limited,LimitÈe,,u,,u
1987,1987,QC,Quebec,QuÈbec,Intensive,Intensive,242449,a,242449,a
1987,1987,SK,Saskatchewan,Saskatchewan,Limited,LimitÈe,,n,,n
1987,1987,SK,Saskatchewan,Saskatchewan,Intensive,Intensive,0,a,0,a
1987,1987,YT,Yukon,Yukon,Limited,LimitÈe,,n,,n
1987,1987,YT,Yukon,Yukon,Intensive,Intensive,0,a,0,a
1988,1988,AB,Alberta,Alberta,Limited,LimitÈe,,n,,n
1988,1988,AB,Alberta,Alberta,Intensive,Intensive,0,a,0,a
1988,1988,BC,British Columbia,Colombie-Britannique,Limited,LimitÈe,,n,,n
1988,1988,BC,British Columbia,Colombie-Britannique,Intensive,Intensive,1599067,a,1599067,a
1988,1988,MB,Manitoba,Manitoba,Limited,LimitÈe,,n,,n
1988,1988,MB,Manitoba,Manitoba,Intensive,Intensive,150000,a,150000,a
1988,1988,NP,National parks,Parcs nationaux,Limited,LimitÈe,,u,,u
1988,1988,NP,National parks,Parcs nationaux,Intensive,Intensive,,u,,u
1988,1988,NB,New Brunswick,Nouveau-Brunswick,Limited,LimitÈe,,n,,n
1988,1988,NB,New Brunswick,Nouveau-Brunswick,Intensive,Intensive,372500,a,372500,a
1988,1988,NL,Newfoundland and Labrador,Terre-Neuve-et-Labrador,Limited,LimitÈe,,u,,u
1988,1988,NL,Newfoundland and Labrador,Terre-Neuve-et-Labrador,Intensive,Intensive,6000,a,6000,a
1988,1988,NT,Northwest Territories,Territoires du Nord-Ouest,Limited,LimitÈe,,n,,n
1988,1988,NT,Northwest Territories,Territoires du Nord-Ouest,Intensive,Intensive,18500,a,18500,a
1988,1988,NS,Nova Scotia,Nouvelle-…cosse,Limited,LimitÈe,,n,,n
1988,1988,NS,Nova Scotia,Nouvelle-…cosse,Intensive,Intensive,0,a,0,a
1988,1988,ON,Ontario,Ontario,Limited,LimitÈe,,n,,n
1988,1988,ON,Ontario,Ontario,Intensive,Intensive,841572,a,841572,a
1988,1988,PE,Prince Edward Island,Œle-du-Prince-…douard,Limited,LimitÈe,,n,,n
1988,1988,PE,Prince Edward Island,Œle-du-Prince-…douard,Intensive,Intensive,2146,a,2146,a
1988,1988,QC,Quebec,QuÈbec,Limited,LimitÈe,,u,,u
1988,1988,QC,Quebec,QuÈbec,Intensive,Intensive,495515,a,495515,a
1988,1988,SK,Saskatchewan,Saskatchewan,Limited,LimitÈe,,n,,n
1988,1988,SK,Saskatchewan,Saskatchewan,Intensive,Intensive,0,a,0,a
1988,1988,YT,Yukon,Yukon,Limited,LimitÈe,,n,,n
1988,1988,YT,Yukon,Yukon,Intensive,Intensive,0,a,0,a
1989,1989,AB,Alberta,Alberta,Limited,LimitÈe,,n,,n
1989,1989,AB,Alberta,Alberta,Intensive,Intensive,0,a,0,a
1989,1989,BC,British Columbia,Colombie-Britannique,Limited,LimitÈe,,n,,n
1989,1989,BC,British Columbia,Colombie-Britannique,Intensive,Intensive,1753555,a,1753555,a
1989,1989,MB,Manitoba,Manitoba,Limited,LimitÈe,,n,,n
1989,1989,MB,Manitoba,Manitoba,Intensive,Intensive,3500000,a,3500000,a
1989,1989,NP,National parks,Parcs nationaux,Limited,LimitÈe,,u,,u
1989,1989,NP,National parks,Parcs nationaux,Intensive,Intensive,,u,,u
1989,1989,NB,New Brunswick,Nouveau-Brunswick,Limited,LimitÈe,,n,,n
1989,1989,NB,New Brunswick,Nouveau-Brunswick,Intensive,Intensive,833400,a,833400,a
1989,1989,NL,Newfoundland and Labrador,Terre-Neuve-et-Labrador,Limited,LimitÈe,,u,,u
1989,1989,NL,Newfoundland and Labrador,Terre-Neuve-et-Labrador,Intensive,Intensive,0,a,0,a
1989,1989,NT,Northwest Territories,Territoires du Nord-Ouest,Limited,LimitÈe,,n,,n
1989,1989,NT,Northwest Territories,Territoires du Nord-Ouest,Intensive,Intensive,0,a,0,a
1989,1989,NS,Nova Scotia,Nouvelle-…cosse,Limited,LimitÈe,,n,,n
1989,1989,NS,Nova Scotia,Nouvelle-…cosse,Intensive,Intensive,0,a,0,a
1989,1989,ON,Ontario,Ontario,Limited,LimitÈe,,n,,n
1989,1989,ON,Ontario,Ontario,Intensive,Intensive,448794,a,448794,a
1989,1989,PE,Prince Edward Island,Œle-du-Prince-…douard,Limited,LimitÈe,,n,,n
1989,1989,PE,Prince Edward Island,Œle-du-Prince-…douard,Intensive,Intensive,2146,a,2146,a
1989,1989,QC,Quebec,QuÈbec,Limited,LimitÈe,,u,,u
1989,1989,QC,Quebec,QuÈbec,Intensive,Intensive,185766,a,185766,a
1989,1989,SK,Saskatchewan,Saskatchewan,Limited,LimitÈe,,n,,n
1989,1989,SK,Saskatchewan,Saskatchewan,Intensive,Intensive,0,a,0,a
1989,1989,YT,Yukon,Yukon,Limited,LimitÈe,,n,,n
1989,1989,YT,Yukon,Yukon,Intensive,Intensive,0,a,0,a